Date,MELBOURNE_DAILY_MIN_TEMP,MELBOURNE_DAILY_MAX_TEMP
1/01/1981,20.7,38.1
2/01/1981,17.9,32.4
3/01/1981,18.8,34.5
4/01/1981,14.6,20.7
5/01/1981,15.8,21.5
6/01/1981,15.8,23.1
7/01/1981,15.8,29.7
8/01/1981,17.4,36.6
9/01/1981,21.8,36.1
10/01/1981,20,20.6
11/01/1981,16.2,20.4
12/01/1981,13.3,30.1
13/01/1981,16.7,38.7
14/01/1981,21.5,41.4
15/01/1981,25,37
16/01/1981,20.7,36
17/01/1981,20.6,37
18/01/1981,24.8,38
19/01/1981,17.7,23
20/01/1981,15.5,26.7
21/01/1981,18.2,27.5
22/01/1981,12.1,21.7
23/01/1981,14.4,22.9
24/01/1981,16,26.2
25/01/1981,16.5,36.5
26/01/1981,18.7,41.8
27/01/1981,19.4,21.5
28/01/1981,17.2,19.2
29/01/1981,15.5,25
30/01/1981,15.1,28.9
31/01/1981,15.4,23.2
1/02/1981,15.3,31.5
2/02/1981,18.8,36.2
3/02/1981,21.9,38.2
4/02/1981,19.9,26.4
5/02/1981,16.6,20.9
6/02/1981,16.8,21.5
7/02/1981,14.6,30.2
8/02/1981,17.1,33.4
9/02/1981,25,32.6
10/02/1981,15,22.2
11/02/1981,13.7,21.7
12/02/1981,13.9,30
13/02/1981,18.3,35.7
14/02/1981,22,32.8
15/02/1981,22.1,39.3
16/02/1981,21.2,25.5
17/02/1981,18.4,23
18/02/1981,16.6,19.9
19/02/1981,16.1,21.3
20/02/1981,15.7,20.8
21/02/1981,16.6,21.7
22/02/1981,16.5,23.8
23/02/1981,14.4,29
24/02/1981,14.4,23.7
25/02/1981,18.5,21.3
26/02/1981,16.9,28.5
27/02/1981,17.5,33.6
28/02/1981,21.2,34.6
1/03/1981,17.8,34.2
2/03/1981,18.6,27
3/03/1981,17,24.2
4/03/1981,16,19.9
5/03/1981,13.3,19.7
6/03/1981,14.3,21.5
7/03/1981,11.4,30.6
8/03/1981,16.3,30
9/03/1981,16.1,19
10/03/1981,11.8,19.6
11/03/1981,12.2,20.6
12/03/1981,14.7,23.6
13/03/1981,11.8,17.9
14/03/1981,11.3,17.3
15/03/1981,10.6,21.4
16/03/1981,11.7,24.1
17/03/1981,14.2,20.9
18/03/1981,11.2,30.1
19/03/1981,16.9,32.6
20/03/1981,16.7,21.3
21/03/1981,8.1,19.5
22/03/1981,8,19.9
23/03/1981,8.8,21
24/03/1981,13.4,25.4
25/03/1981,10.9,17.5
26/03/1981,13.4,20.4
27/03/1981,11,26.8
28/03/1981,15,25.8
29/03/1981,15.7,20.9
30/03/1981,14.5,19.4
31/03/1981,15.8,25.8
1/04/1981,16.7,26.3
2/04/1981,16.8,29.6
3/04/1981,17.5,30.3
4/04/1981,17.1,23.6
5/04/1981,18.1,28.4
6/04/1981,16.6,20.7
7/04/1981,10,24.1
8/04/1981,14.9,27.3
9/04/1981,15.9,23.2
10/04/1981,13,18.3
11/04/1981,7.6,24.6
12/04/1981,11.5,27.4
13/04/1981,13.5,20.4
14/04/1981,13,18.1
15/04/1981,13.3,25.2
16/04/1981,12.1,19.8
17/04/1981,12.4,21
18/04/1981,13.2,23.7
19/04/1981,13.8,19.6
20/04/1981,10.6,18.1
21/04/1981,9,20.8
22/04/1981,10,26
23/04/1981,9.8,18.4
24/04/1981,11.5,22
25/04/1981,8.9,14.4
26/04/1981,7.4,19.9
27/04/1981,9.9,22.6
28/04/1981,9.3,13.7
29/04/1981,9.9,15.9
30/04/1981,7.4,21.2
1/05/1981,8.6,23.7
2/05/1981,11.9,24
3/05/1981,14,17.2
4/05/1981,8.6,23.2
5/05/1981,10,25.2
6/05/1981,13.5,17.2
7/05/1981,12,16
8/05/1981,10.5,15.6
9/05/1981,10.7,13.4
10/05/1981,8.1,16
11/05/1981,10.1,16.8
12/05/1981,10.6,14.6
13/05/1981,5.3,19.4
14/05/1981,6.6,21
15/05/1981,8.5,19.5
16/05/1981,11.2,18.5
17/05/1981,9.8,13.3
18/05/1981,5.9,13.7
19/05/1981,3.2,14.3
20/05/1981,2.1,14.1
21/05/1981,3.4,11.4
22/05/1981,5.4,13.6
23/05/1981,9.6,16.6
24/05/1981,11.5,17.6
25/05/1981,12.3,14.6
26/05/1981,12.6,17.2
27/05/1981,11,14.4
28/05/1981,11.2,16.4
29/05/1981,11.4,17.3
30/05/1981,11.8,17.6
31/05/1981,12.8,17.2
1/06/1981,11.6,17.7
2/06/1981,10.6,14.2
3/06/1981,9.8,16.6
4/06/1981,11.2,15.7
5/06/1981,5.7,13.7
6/06/1981,7.1,14.7
7/06/1981,2.5,13.1
8/06/1981,3.5,12.9
9/06/1981,4.6,15.4
10/06/1981,11,11.9
11/06/1981,5.7,15.2
12/06/1981,7.7,15.3
13/06/1981,10.4,16.5
14/06/1981,11.4,16.1
15/06/1981,9.2,11.7
16/06/1981,6.1,11.2
17/06/1981,2.7,11.5
18/06/1981,4.3,10.8
19/06/1981,6.3,16.1
20/06/1981,3.8,14.8
21/06/1981,4.4,13.6
22/06/1981,7.1,13.8
23/06/1981,4.8,9.7
24/06/1981,5.8,10.7
25/06/1981,6.2,11
26/06/1981,7.3,15.3
27/06/1981,9.2,15.3
28/06/1981,10.2,17
29/06/1981,9.5,16
30/06/1981,9.5,16.3
1/07/1981,10.7,15.7
2/07/1981,10,14.5
3/07/1981,6.5,10.8
4/07/1981,7,10.5
5/07/1981,7.4,13.4
6/07/1981,8.1,12.2
7/07/1981,6.6,13.2
8/07/1981,8.3,13
9/07/1981,8.9,12.4
10/07/1981,4.6,13.1
11/07/1981,6.8,9.8
12/07/1981,5.7,10.5
13/07/1981,6.1,13.4
14/07/1981,7,11
15/07/1981,7.2,13.1
16/07/1981,6.3,15
17/07/1981,8.8,16.7
18/07/1981,5,16.1
19/07/1981,7.4,18.2
20/07/1981,10.1,15.7
21/07/1981,12,17.7
22/07/1981,9,15.9
23/07/1981,8.9,15.1
24/07/1981,9.8,15.2
25/07/1981,9,14.7
26/07/1981,9.2,13.3
27/07/1981,7.7,14.5
28/07/1981,8,11.1
29/07/1981,6.1,13.1
30/07/1981,3.5,13.7
31/07/1981,3.2,14.6
1/08/1981,5.7,12.9
2/08/1981,7.7,12.8
3/08/1981,9,15.2
4/08/1981,10,14.5
5/08/1981,6.2,17.2
6/08/1981,6.9,14.5
7/08/1981,6.5,14.4
8/08/1981,6.8,11
9/08/1981,7,13.1
10/08/1981,5.2,13.6
11/08/1981,3,14.6
12/08/1981,5.6,12.7
13/08/1981,7.9,13.6
14/08/1981,9,12.7
15/08/1981,8.6,15.5
16/08/1981,10.3,17.4
17/08/1981,10.5,15.2
18/08/1981,7.6,14.2
19/08/1981,9.7,17.7
20/08/1981,12.5,19.2
21/08/1981,7.4,12.5
22/08/1981,7.9,14.2
23/08/1981,3.9,15.3
24/08/1981,6.6,15.7
25/08/1981,4.6,17
26/08/1981,7,19
27/08/1981,6,13.1
28/08/1981,5.5,13.2
29/08/1981,8.1,13.2
30/08/1981,5.5,15.7
31/08/1981,6.2,14.1
1/09/1981,8,15.6
2/09/1981,10.3,15.5
3/09/1981,9.8,15.9
4/09/1981,9.6,15.1
5/09/1981,8.5,16
6/09/1981,7.5,19.4
7/09/1981,11.2,21.5
8/09/1981,14.6,23.7
9/09/1981,11.7,18.7
10/09/1981,7.8,23.8
11/09/1981,12.3,18
12/09/1981,10.1,16.2
13/09/1981,11.5,18.5
14/09/1981,7.3,20.6
15/09/1981,10.9,18.3
16/09/1981,14.1,22.5
17/09/1981,10.7,26.9
18/09/1981,16.9,19.4
19/09/1981,10.5,15.9
20/09/1981,6.5,20.5
21/09/1981,11,21.2
22/09/1981,6.3,19.5
23/09/1981,10.5,14.7
24/09/1981,7.2,17.6
25/09/1981,7.6,15.8
26/09/1981,10.7,17.7
27/09/1981,7.8,14.3
28/09/1981,9.6,16.8
29/09/1981,11.4,18.6
30/09/1981,12.4,21.9
1/10/1981,8.9,21.4
2/10/1981,13.2,20.8
3/10/1981,8.6,14
4/10/1981,6.2,17
5/10/1981,11.4,23
6/10/1981,13.2,26.4
7/10/1981,14.3,19.6
8/10/1981,7.3,22.7
9/10/1981,12.9,26.9
10/10/1981,7.8,14.7
11/10/1981,6.2,15.2
12/10/1981,5.6,19.8
13/10/1981,10,26.9
14/10/1981,13.3,20.2
15/10/1981,8.3,14.3
16/10/1981,10.2,14.8
17/10/1981,8.6,18.5
18/10/1981,7.3,21.7
19/10/1981,10.4,21.4
20/10/1981,11.2,21.8
21/10/1981,13.2,18.2
22/10/1981,11.4,15.8
23/10/1981,9.1,15.3
24/10/1981,6.6,18.5
25/10/1981,8.4,19.2
26/10/1981,9.7,28.5
27/10/1981,13.2,32.2
28/10/1981,12.5,21.8
29/10/1981,11,22.1
30/10/1981,11,20.7
31/10/1981,11.7,17
1/11/1981,9.2,24.7
2/11/1981,11.5,26.2
3/11/1981,13.6,29
4/11/1981,13.7,21.6
5/11/1981,10.4,17.1
6/11/1981,11.5,16.9
7/11/1981,7.6,19.1
8/11/1981,9.6,24.7
9/11/1981,14.2,25.4
10/11/1981,15.7,19.8
11/11/1981,10.5,18.2
12/11/1981,10.5,16.3
13/11/1981,9.7,17
14/11/1981,9.5,17.7
15/11/1981,11.3,15.5
16/11/1981,8.9,14.7
17/11/1981,9.4,15.8
18/11/1981,11.9,19.9
19/11/1981,11.7,20.4
20/11/1981,13.4,23.3
21/11/1981,12.6,20.2
22/11/1981,10.1,28.8
23/11/1981,15.8,31.2
24/11/1981,13.6,17.4
25/11/1981,11.9,18.5
26/11/1981,9.9,26.8
27/11/1981,12.6,34.3
28/11/1981,17.8,30.1
29/11/1981,15,20.5
30/11/1981,13.6,20.5
1/12/1981,13.4,19.8
2/12/1981,10.5,27
3/12/1981,14.2,21
4/12/1981,11.5,33
5/12/1981,13,22.6
6/12/1981,15,28.3
7/12/1981,14.7,21.1
8/12/1981,12.6,19
9/12/1981,12.5,17.3
10/12/1981,13.5,27
11/12/1981,14.8,30.2
12/12/1981,17.2,24.8
13/12/1981,9.7,17.9
14/12/1981,12.1,17.9
15/12/1981,12.8,20.7
16/12/1981,11.2,30.9
17/12/1981,16.4,36.2
18/12/1981,15.6,21
19/12/1981,13.3,20.2
20/12/1981,11,21.3
21/12/1981,11.1,24.2
22/12/1981,15,21
23/12/1981,12.8,20.7
24/12/1981,15,17.8
25/12/1981,14.2,19.6
26/12/1981,14,22.6
27/12/1981,15.5,20.5
28/12/1981,13.3,24.1
29/12/1981,15.6,22.2
30/12/1981,15.2,27
31/12/1981,17.4,33.6
1/01/1982,17,26.6
2/01/1982,15,20.6
3/01/1982,13.5,24.5
4/01/1982,15.2,19.8
5/01/1982,13,22.6
6/01/1982,12.5,29.2
7/01/1982,14.1,20.3
8/01/1982,14.8,23
9/01/1982,16.2,24.4
10/01/1982,15.8,38
11/01/1982,19.1,40.5
12/01/1982,22.2,24.2
13/01/1982,15.9,20.2
14/01/1982,13,21.8
15/01/1982,14.1,27
16/01/1982,15.8,35.2
17/01/1982,24,25.2
18/01/1982,18,32.7
19/01/1982,19.7,35.9
20/01/1982,25.2,38.9
21/01/1982,20.5,26.5
22/01/1982,19.3,21.8
23/01/1982,15.8,37.9
24/01/1982,17,43.3
25/01/1982,18.4,19
26/01/1982,13.3,19.7
27/01/1982,14.6,21.4
28/01/1982,12.5,32
29/01/1982,17,33.3
30/01/1982,17.1,22.2
31/01/1982,14,21.3
1/02/1982,14.6,20.8
2/02/1982,13.3,22.3
3/02/1982,14.8,22.5
4/02/1982,15.1,21.4
5/02/1982,13.1,23
6/02/1982,13.6,35.1
7/02/1982,19.5,40.3
8/02/1982,22.7,39
9/02/1982,17.2,21.1
10/02/1982,13.5,25.4
11/02/1982,15.4,23.6
12/02/1982,17,28.1
13/02/1982,19.2,37
14/02/1982,22.8,39.3
15/02/1982,26.3,39.4
16/02/1982,18.2,25.8
17/02/1982,17,27.7
18/02/1982,14.8,23
19/02/1982,12.8,24
20/02/1982,15.5,26.1
21/02/1982,15.6,21.8
22/02/1982,13.1,24.2
23/02/1982,15.2,22.3
24/02/1982,14.1,19.7
25/02/1982,12.5,20.8
26/02/1982,14.6,17.9
27/02/1982,10.4,20.1
28/02/1982,13.9,20.9
1/03/1982,11.9,21.2
2/03/1982,13.5,20.4
3/03/1982,9.8,29
4/03/1982,14,34.7
5/03/1982,21.5,34
6/03/1982,19.5,30.9
7/03/1982,16.7,29.6
8/03/1982,19.1,26.1
9/03/1982,11,18.5
10/03/1982,9,21.2
11/03/1982,10,22.4
12/03/1982,14.6,21.4
13/03/1982,12.5,30.5
14/03/1982,17.2,32
15/03/1982,19.2,32.7
16/03/1982,22.2,27.4
17/03/1982,15.7,18.9
18/03/1982,14.2,19.4
19/03/1982,9.8,22.2
20/03/1982,14,30.2
21/03/1982,17.5,31.8
22/03/1982,20.7,31.4
23/03/1982,15.6,18.5
24/03/1982,13.2,22.2
25/03/1982,14.5,27.5
26/03/1982,16.8,25.8
27/03/1982,17.2,25.2
28/03/1982,13.4,19.1
29/03/1982,14.2,19.6
30/03/1982,14.3,21.4
31/03/1982,10.2,20.7
1/04/1982,10.4,28.3
2/04/1982,12.3,23
3/04/1982,11.9,16.5
4/04/1982,11.2,18.8
5/04/1982,8.5,20
6/04/1982,12,20.6
7/04/1982,12.4,19.8
8/04/1982,12.9,20.3
9/04/1982,10.1,26.6
10/04/1982,15,21.5
11/04/1982,13.6,22.3
12/04/1982,12.4,26.5
13/04/1982,13.6,27.1
14/04/1982,16.1,30
15/04/1982,19.5,28.2
16/04/1982,14.2,17.3
17/04/1982,9.3,16.8
18/04/1982,10.1,17.5
19/04/1982,7.4,19.2
20/04/1982,8.6,20.3
21/04/1982,7.8,20.6
22/04/1982,9.1,23.7
23/04/1982,13,24.3
24/04/1982,16.5,26.4
25/04/1982,12.9,16
26/04/1982,6.9,14.5
27/04/1982,6.9,14.2
28/04/1982,8.7,16.5
29/04/1982,10,15.7
30/04/1982,10.8,16
1/05/1982,7.5,16.7
2/05/1982,6.3,19.8
3/05/1982,11.9,22.5
4/05/1982,13.8,22.9
5/05/1982,11.8,18.8
6/05/1982,11,15.7
7/05/1982,10.1,14.7
8/05/1982,8.5,15.3
9/05/1982,5.5,15.3
10/05/1982,7.6,18
11/05/1982,8.7,15.1
12/05/1982,10.8,15.1
13/05/1982,11.2,13.6
14/05/1982,9.1,15.3
15/05/1982,3.7,18
16/05/1982,4.6,18.6
17/05/1982,6.6,22
18/05/1982,13.2,22.1
19/05/1982,15.2,17.8
20/05/1982,7.6,15.2
21/05/1982,8.4,11.3
22/05/1982,6,13.5
23/05/1982,8.3,16.1
24/05/1982,8.6,16
25/05/1982,11.1,16.5
26/05/1982,12.1,16.7
27/05/1982,12.9,19.6
28/05/1982,14,19.5
29/05/1982,12.5,18
30/05/1982,11.5,18.4
31/05/1982,7,12.9
1/06/1982,7.1,14.9
2/06/1982,9,12.4
3/06/1982,3.1,11.9
4/06/1982,2.5,11.7
5/06/1982,0,12.9
6/06/1982,1.6,12.9
7/06/1982,2.6,12.4
8/06/1982,5.7,12.5
9/06/1982,2.3,15.7
10/06/1982,4.5,15.9
11/06/1982,8.2,14.3
12/06/1982,6.9,16.9
13/06/1982,7.3,14
14/06/1982,6,13.6
15/06/1982,7.3,13.7
16/06/1982,7.6,16
17/06/1982,8,13.1
18/06/1982,8,13.8
19/06/1982,6.8,13.4
20/06/1982,7.3,11.3
21/06/1982,6.2,10.6
22/06/1982,6.9,13.9
23/06/1982,8.9,12.7
24/06/1982,4,12.5
25/06/1982,1.3,11.3
26/06/1982,0.8,11.6
27/06/1982,4.3,14
28/06/1982,7.3,13.7
29/06/1982,7.7,15.2
30/06/1982,9,14
1/07/1982,4.2,11.4
2/07/1982,1.6,14.2
3/07/1982,2.6,15.2
4/07/1982,3.4,12.6
5/07/1982,3.9,10.2
6/07/1982,7,13.9
7/07/1982,7.8,13.7
8/07/1982,5.3,13.6
9/07/1982,2.4,13.2
10/07/1982,2.8,15.4
11/07/1982,4,12.9
12/07/1982,7.5,11.9
13/07/1982,7.8,13.3
14/07/1982,5.6,13.3
15/07/1982,3.3,10.5
16/07/1982,5,10
17/07/1982,3.7,11
18/07/1982,3.9,8.3
19/07/1982,5.2,10.7
20/07/1982,?0.2,11.2
21/07/1982,?0.8,11.7
22/07/1982,0.9,14.2
23/07/1982,3.5,14.5
24/07/1982,6.6,16
25/07/1982,9.5,16.7
26/07/1982,9,14.4
27/07/1982,3.5,17
28/07/1982,4.5,14.6
29/07/1982,5.7,11.6
30/07/1982,5.6,12.8
31/07/1982,7.1,14
1/08/1982,9.7,17.1
2/08/1982,8.3,15.4
3/08/1982,9.1,15.5
4/08/1982,2.8,15.1
5/08/1982,2.2,16.9
6/08/1982,4.5,14.2
7/08/1982,3.8,15.9
8/08/1982,3.8,18.2
9/08/1982,6.2,19.5
10/08/1982,11.5,19.5
11/08/1982,10.2,19.8
12/08/1982,7.9,15.6
13/08/1982,9,14.1
14/08/1982,9.5,17
15/08/1982,6,14.3
16/08/1982,8.2,13.1
17/08/1982,9.2,13.7
18/08/1982,4.3,18.2
19/08/1982,6.6,19.8
20/08/1982,9.4,22.3
21/08/1982,13.2,17.8
22/08/1982,6.6,15
23/08/1982,5.1,22.6
24/08/1982,12.1,23.7
25/08/1982,11.2,15.8
26/08/1982,8.5,15
27/08/1982,4.6,23.5
28/08/1982,7,25.7
29/08/1982,14.2,26.5
30/08/1982,12.7,15.1
31/08/1982,7.6,13.9
1/09/1982,4,20.5
2/09/1982,10,21.4
3/09/1982,10.5,14.9
4/09/1982,5,15
5/09/1982,4.5,18.9
6/09/1982,8.2,11.7
7/09/1982,4.3,15.5
8/09/1982,9.8,17.7
9/09/1982,5.8,11
10/09/1982,5,14.9
11/09/1982,8.5,13.1
12/09/1982,9,13.7
13/09/1982,3.6,15.4
14/09/1982,6.7,15.6
15/09/1982,6.7,23.9
16/09/1982,10.1,23.7
17/09/1982,15,24.3
18/09/1982,8.9,15.9
19/09/1982,5.7,13.5
20/09/1982,4.2,15.3
21/09/1982,4,19.3
22/09/1982,5.3,20.5
23/09/1982,6.3,22.5
24/09/1982,8.5,23.2
25/09/1982,11.5,16.3
26/09/1982,7.7,14.8
27/09/1982,9.2,13.7
28/09/1982,7.8,18.4
29/09/1982,6.3,12.3
30/09/1982,6.3,13.3
1/10/1982,8.6,16.2
2/10/1982,6.1,25.6
3/10/1982,13.2,24.1
4/10/1982,9.9,13.8
5/10/1982,4.7,15.9
6/10/1982,5.8,21.2
7/10/1982,14.9,21.7
8/10/1982,10.7,15.6
9/10/1982,8.6,13.5
10/10/1982,9.4,15
11/10/1982,5.7,21.2
12/10/1982,10.9,25.4
13/10/1982,13.1,19
14/10/1982,10.4,15
15/10/1982,8.2,16.4
16/10/1982,9.8,15.6
17/10/1982,7.5,13.7
18/10/1982,5.8,22
19/10/1982,9.8,17.4
20/10/1982,7.9,15.1
21/10/1982,8.7,14.6
22/10/1982,10,16.9
23/10/1982,10.6,15.9
24/10/1982,8,21.3
25/10/1982,10.2,29.7
26/10/1982,15.1,33
27/10/1982,13.9,22.7
28/10/1982,9.2,21.6
29/10/1982,9,30.3
30/10/1982,13.2,19
31/10/1982,7,14.6
1/11/1982,10.6,15.9
2/11/1982,6.9,20.4
3/11/1982,9.5,29.3
4/11/1982,12.5,33.7
5/11/1982,13.6,35.2
6/11/1982,17.7,38.1
7/11/1982,16,24.5
8/11/1982,11.3,26.3
9/11/1982,10.5,25
10/11/1982,14.4,17.9
11/11/1982,10.3,18.1
12/11/1982,9,23.3
13/11/1982,11.1,31.2
14/11/1982,14.5,32.8
15/11/1982,18,28
16/11/1982,12.8,19.7
17/11/1982,10.7,22.1
18/11/1982,9.1,16.3
19/11/1982,8.7,20.1
20/11/1982,12.4,21.7
21/11/1982,12.6,19.6
22/11/1982,10.3,30.8
23/11/1982,13.7,36.8
24/11/1982,16,38.1
25/11/1982,15.8,17.6
26/11/1982,12.1,21.2
27/11/1982,12.5,17.2
28/11/1982,12.2,20.7
29/11/1982,13.7,26.1
30/11/1982,16.1,34.5
1/12/1982,15.5,18.6
2/12/1982,10.3,20.1
3/12/1982,10.5,22.4
4/12/1982,11,19.1
5/12/1982,11.9,19.2
6/12/1982,13,28
7/12/1982,12.2,17.9
8/12/1982,10.6,18.1
9/12/1982,13,16
10/12/1982,13,18.5
11/12/1982,12.2,20.6
12/12/1982,12.6,33
13/12/1982,18.7,35.2
14/12/1982,15.2,24
15/12/1982,15.3,26
16/12/1982,13.9,28
17/12/1982,15.8,23
18/12/1982,13,19
19/12/1982,13,19.1
20/12/1982,13.7,18
21/12/1982,12,19.4
22/12/1982,10.8,32.5
23/12/1982,15.6,32.6
24/12/1982,15.3,18.1
25/12/1982,13.9,19.7
26/12/1982,13,28
27/12/1982,15.3,28
28/12/1982,16.3,23.8
29/12/1982,15.8,31.4
30/12/1982,17.7,22
31/12/1982,16.3,35.8
1/01/1983,18.4,23
2/01/1983,15,18.9
3/01/1983,10.9,25.4
4/01/1983,11.4,28
5/01/1983,14.8,19.2
6/01/1983,12.1,21.5
7/01/1983,12.8,28.8
8/01/1983,16.2,37.3
9/01/1983,15.5,24.6
10/01/1983,13,21.3
11/01/1983,10.5,17.9
12/01/1983,9.1,17.5
13/01/1983,10.5,18.7
14/01/1983,11.8,18.1
15/01/1983,12.7,19.7
16/01/1983,12.7,22.1
17/01/1983,11.5,19.6
18/01/1983,13.8,18
19/01/1983,13.3,19.9
20/01/1983,11.6,28.5
21/01/1983,15.4,23
22/01/1983,12.4,37
23/01/1983,16.9,19
24/01/1983,14.7,19.4
25/01/1983,10.6,35
26/01/1983,15.6,27.7
27/01/1983,10.7,23.9
28/01/1983,12.6,25.6
29/01/1983,13.8,27.7
30/01/1983,14.3,24.3
31/01/1983,14,38.6
1/02/1983,18.1,41.2
2/02/1983,17.3,22
3/02/1983,13,22.5
4/02/1983,16,22.3
5/02/1983,14.9,25.5
6/02/1983,16.2,36.6
7/02/1983,20.3,35.7
8/02/1983,22.5,43.2
9/02/1983,17.2,28
10/02/1983,15.9,25.5
11/02/1983,16.8,21.6
12/02/1983,13.8,21.8
13/02/1983,12.8,23.3
14/02/1983,14,34.3
15/02/1983,17.5,31.2
16/02/1983,21.5,43
17/02/1983,16.8,20.2
18/02/1983,13.6,20.3
19/02/1983,14.5,22.2
20/02/1983,14.2,24
21/02/1983,15.7,34.4
22/02/1983,19.7,32.9
23/02/1983,17.4,21.6
24/02/1983,14.4,26.5
25/02/1983,16.9,33.2
26/02/1983,19.1,38.6
27/02/1983,20.4,24.4
28/02/1983,20.1,28.3
1/03/1983,19.9,35.2
2/03/1983,22,28.7
3/03/1983,20.5,35.6
4/03/1983,22.1,37.2
5/03/1983,20.6,25.5
6/03/1983,15,31.5
7/03/1983,20.6,30.2
8/03/1983,21.5,29
9/03/1983,16.2,21.4
10/03/1983,14.1,28.5
11/03/1983,14.5,32.1
12/03/1983,21.1,23.5
13/03/1983,15.9,20
14/03/1983,15.2,21
15/03/1983,13.1,20
16/03/1983,13.2,21.8
17/03/1983,12.5,24.3
18/03/1983,15.2,30.9
19/03/1983,17.6,21.6
20/03/1983,15.5,22.2
21/03/1983,16.7,20.2
22/03/1983,16.3,20.5
23/03/1983,15.1,17.6
24/03/1983,12.7,18.6
25/03/1983,10,17.7
26/03/1983,11.4,18
27/03/1983,12.6,18.6
28/03/1983,10.7,18.6
29/03/1983,10,25.9
30/03/1983,13.9,19.8
31/03/1983,13.4,18.7
1/04/1983,12.5,17.9
2/04/1983,12.8,17.3
3/04/1983,7.8,18.1
4/04/1983,11.1,14.6
5/04/1983,10.7,14.1
6/04/1983,7.1,15.7
7/04/1983,6.7,16
8/04/1983,5.7,21.6
9/04/1983,9.1,21.4
10/04/1983,15.2,23.8
11/04/1983,15.5,21.7
12/04/1983,11.1,16.6
13/04/1983,11.7,16.7
14/04/1983,11.5,18.1
15/04/1983,9.8,14.5
16/04/1983,6.2,14.7
17/04/1983,6.7,16.4
18/04/1983,7.5,16.5
19/04/1983,8.8,22.7
20/04/1983,8,23.8
21/04/1983,10.4,24.6
22/04/1983,14.5,23.6
23/04/1983,16.5,19.8
24/04/1983,14.1,19.8
25/04/1983,10.5,18
26/04/1983,12.6,17.6
27/04/1983,13,19
28/04/1983,8.7,17.5
29/04/1983,10.1,17
30/04/1983,12,19.9
1/05/1983,12.5,18.5
2/05/1983,13.5,18.7
3/05/1983,13.7,17.8
4/05/1983,13.5,17
5/05/1983,10.7,17.6
6/05/1983,13,18.7
7/05/1983,11.6,17
8/05/1983,13,18.8
9/05/1983,11.2,17.5
10/05/1983,13.5,19.5
11/05/1983,12.9,16.6
12/05/1983,6.8,19.1
13/05/1983,10,21.2
14/05/1983,14.5,20.2
15/05/1983,11.7,17.9
16/05/1983,6.7,14.3
17/05/1983,4.6,16
18/05/1983,4.9,17.7
19/05/1983,7.4,18.6
20/05/1983,8.3,19.1
21/05/1983,7.5,13.7
22/05/1983,6.2,17.5
23/05/1983,7.8,16.1
24/05/1983,13.2,15.2
25/05/1983,11.9,17.3
26/05/1983,6.5,14.9
27/05/1983,8.3,18.4
28/05/1983,12.1,17.2
29/05/1983,9.3,12.2
30/05/1983,7.5,13.9
31/05/1983,9.3,14
1/06/1983,11,15.3
2/06/1983,10.8,15
3/06/1983,5.3,15.1
4/06/1983,7.6,16.6
5/06/1983,5.6,16.5
6/06/1983,7.2,16.1
7/06/1983,9.6,13.5
8/06/1983,7,13
9/06/1983,8.3,13.6
10/06/1983,7.8,11.8
11/06/1983,4.7,14.5
12/06/1983,6.8,14
13/06/1983,7.2,14.1
14/06/1983,8.3,13.5
15/06/1983,9.5,12.1
16/06/1983,4.7,11.9
17/06/1983,3,11.9
18/06/1983,1.5,14.2
19/06/1983,2.5,14
20/06/1983,6.2,17.9
21/06/1983,11.6,19.1
22/06/1983,6.6,15.1
23/06/1983,6.6,13.8
24/06/1983,8,13.7
25/06/1983,7.9,10
26/06/1983,3.3,10.3
27/06/1983,3.9,10.4
28/06/1983,6,12
29/06/1983,4,8.5
30/06/1983,5.5,14.4
1/07/1983,8.5,13.1
2/07/1983,9.8,14
3/07/1983,9.5,11.8
4/07/1983,7.2,13.9
5/07/1983,8.1,12.9
6/07/1983,8,11
7/07/1983,8.5,11.8
8/07/1983,8.8,10.7
9/07/1983,8.3,11.2
10/07/1983,2.4,10.3
11/07/1983,4.9,12.2
12/07/1983,5.9,12.4
13/07/1983,6.7,14.7
14/07/1983,8.4,15.1
15/07/1983,6.5,15
16/07/1983,7.9,14
17/07/1983,4.1,15.2
18/07/1983,5.4,14.2
19/07/1983,7.5,8.7
20/07/1983,3.9,11
21/07/1983,2.5,14.2
22/07/1983,5.3,15.2
23/07/1983,6.6,12.2
24/07/1983,0,13
25/07/1983,0.7,14.7
26/07/1983,7.6,17.2
27/07/1983,12.3,13.7
28/07/1983,9.2,14.8
29/07/1983,9.6,13.8
30/07/1983,9.5,13.7
31/07/1983,10,13.1
1/08/1983,7.7,12.7
2/08/1983,8,12.3
3/08/1983,8.3,12.4
4/08/1983,8.3,13
5/08/1983,4.5,13.5
6/08/1983,6.5,13.5
7/08/1983,9.4,14.7
8/08/1983,9.4,13.4
9/08/1983,10.5,15.9
10/08/1983,10.7,16
11/08/1983,9.9,15.3
12/08/1983,7.6,15.5
13/08/1983,5.8,18.2
14/08/1983,8.5,18.6
15/08/1983,13.8,18.5
16/08/1983,14.3,19.2
17/08/1983,8.3,14.2
18/08/1983,5.3,12.8
19/08/1983,3,13.1
20/08/1983,5.2,15.4
21/08/1983,10.3,17.3
22/08/1983,11.1,14.5
23/08/1983,10.5,19.5
24/08/1983,9,20.2
25/08/1983,13,16.3
26/08/1983,6.4,13
27/08/1983,8.4,13.3
28/08/1983,6.7,13.3
29/08/1983,8.3,19
30/08/1983,11.2,16.8
31/08/1983,10,19.2
1/09/1983,10.1,18.5
2/09/1983,10.6,19
3/09/1983,10.9,17.4
4/09/1983,5.7,15.3
5/09/1983,9.5,15.8
6/09/1983,10.4,18.7
7/09/1983,11.1,17.8
8/09/1983,12.2,16.5
9/09/1983,10.6,15.3
10/09/1983,8.8,13.2
11/09/1983,9.2,12
12/09/1983,5.5,14
13/09/1983,7.1,9.5
14/09/1983,6.5,13
15/09/1983,4.3,17.6
16/09/1983,5,19.6
17/09/1983,11.2,17.2
18/09/1983,7.5,17.3
19/09/1983,12,17
20/09/1983,13.6,16.3
21/09/1983,8.3,17.3
22/09/1983,8.5,20.3
23/09/1983,12.9,16.9
24/09/1983,7.7,13.5
25/09/1983,7.6,13.3
26/09/1983,3.5,20.7
27/09/1983,10.4,19.8
28/09/1983,15.4,20.8
29/09/1983,10.6,19.8
30/09/1983,9.6,19.5
1/10/1983,9.3,23.4
2/10/1983,13.9,14.2
3/10/1983,7.7,14.2
4/10/1983,9.5,16.6
5/10/1983,7.6,17
6/10/1983,6.9,15.6
7/10/1983,6.8,14.8
8/10/1983,5.8,17.2
9/10/1983,6,20.2
10/10/1983,8.3,16.7
11/10/1983,9.1,18.2
12/10/1983,12.5,18.1
13/10/1983,13.2,22.5
14/10/1983,16.2,23.4
15/10/1983,12.5,15.3
16/10/1983,11.8,13.7
17/10/1983,10.6,15.6
18/10/1983,10,18.9
19/10/1983,12.2,15.1
20/10/1983,8.9,16.6
21/10/1983,10.3,17.7
22/10/1983,7.5,23
23/10/1983,11.6,16.8
24/10/1983,12.6,21.3
25/10/1983,12.9,17.9
26/10/1983,11.7,23.6
27/10/1983,14,25.3
28/10/1983,12.3,14.5
29/10/1983,9,16.9
30/10/1983,9.2,16.3
31/10/1983,9.8,17.7
1/11/1983,11.8,18
2/11/1983,10.6,21.7
3/11/1983,12.6,22.3
4/11/1983,11,15.5
5/11/1983,8.2,16.7
6/11/1983,7.5,24.3
7/11/1983,13.6,23.5
8/11/1983,14.8,27.7
9/11/1983,10.9,18
10/11/1983,7.7,15.6
11/11/1983,10.2,19
12/11/1983,10.8,19.5
13/11/1983,10.8,20.1
14/11/1983,12.5,31.3
15/11/1983,13.2,15.6
16/11/1983,8.7,12.8
17/11/1983,5.7,13.8
18/11/1983,9.8,15.8
19/11/1983,7.3,16.4
20/11/1983,10.8,17.6
21/11/1983,10,28.2
22/11/1983,16.2,25.5
23/11/1983,15,22.7
24/11/1983,14.5,28
25/11/1983,15.9,17
26/11/1983,14.9,22.6
27/11/1983,14.2,24.5
28/11/1983,15.8,25.6
29/11/1983,17.2,27.5
30/11/1983,17.6,18.5
1/12/1983,12.1,18.2
2/12/1983,11.4,18.8
3/12/1983,13,17.8
4/12/1983,13.2,18.9
5/12/1983,12,24
6/12/1983,15.3,20.9
7/12/1983,12.7,16.8
8/12/1983,12.1,18.5
9/12/1983,13.8,20.6
10/12/1983,10.9,24.9
11/12/1983,12,28.1
12/12/1983,16.5,25.7
13/12/1983,15,19.2
14/12/1983,11.2,32.7
15/12/1983,13.9,21.3
16/12/1983,15,20.4
17/12/1983,14.8,20.5
18/12/1983,15,22.8
19/12/1983,13.3,35.3
20/12/1983,20.4,38.7
21/12/1983,18,21.4
22/12/1983,12.2,23.3
23/12/1983,16.7,22
24/12/1983,13.8,31.7
25/12/1983,17.5,23.4
26/12/1983,15,19.1
27/12/1983,13.9,19.5
28/12/1983,11.1,30
29/12/1983,16.1,32.4
30/12/1983,20.4,33.6
31/12/1983,18,30
1/01/1984,19.5,27.7
2/01/1984,17.1,28.1
3/01/1984,17.1,23.7
4/01/1984,12,20.6
5/01/1984,11,32.3
6/01/1984,16.3,31.2
7/01/1984,16.1,21.5
8/01/1984,13,23
9/01/1984,13.4,21.9
10/01/1984,15.2,23
11/01/1984,12.5,21.6
12/01/1984,14.3,27.2
13/01/1984,16.5,29.2
14/01/1984,18.6,32
15/01/1984,18,22.5
16/01/1984,18.2,23.9
17/01/1984,11.4,19.7
18/01/1984,11.9,19.5
19/01/1984,12.2,22
20/01/1984,14.8,22.1
21/01/1984,13.1,19.7
22/01/1984,12.7,19.4
23/01/1984,10.5,30.5
24/01/1984,13.8,28.5
25/01/1984,18.8,20.2
26/01/1984,13.9,19
27/01/1984,11.2,20.2
28/01/1984,10.6,22.6
29/01/1984,14.7,28.4
30/01/1984,13.1,18.6
31/01/1984,12.1,20.3
1/02/1984,14.7,19
2/02/1984,11.1,26.2
3/02/1984,13,30
4/02/1984,15.6,24.2
5/02/1984,14.2,23.4
6/02/1984,15.5,34.7
7/02/1984,18,20.4
8/02/1984,15,20.7
9/02/1984,15.9,20
10/02/1984,15.5,19.5
11/02/1984,15.8,31.6
12/02/1984,16.6,33.7
13/02/1984,13.6,23.5
14/02/1984,13.8,24.6
15/02/1984,14.6,33.9
16/02/1984,15.6,22.4
17/02/1984,16.6,24.3
18/02/1984,14.3,29.5
19/02/1984,16.3,31.7
20/02/1984,18.9,32.9
21/02/1984,18.7,20.5
22/02/1984,14.5,28.5
23/02/1984,16.5,27.3
24/02/1984,14.1,19.5
25/02/1984,13.5,21.4
26/02/1984,11.7,33.2
27/02/1984,15.1,35
28/02/1984,11.2,18.1
29/02/1984,13.5,17.2
1/03/1984,12.6,18.1
2/03/1984,8.8,19.5
3/03/1984,10.5,21.5
4/03/1984,12.1,29.2
5/03/1984,14.5,33.8
6/03/1984,19.5,20.8
7/03/1984,14,17.5
8/03/1984,13.8,21
9/03/1984,10.5,27.4
10/03/1984,13.8,21.2
11/03/1984,11.4,27.1
12/03/1984,15.6,22.8
13/03/1984,11.1,18.7
14/03/1984,12.1,19
15/03/1984,14.2,19.7
16/03/1984,10.9,28.7
17/03/1984,14.2,25.5
18/03/1984,13.8,18.4
19/03/1984,15.1,18.5
20/03/1984,14,23.6
21/03/1984,12.1,26.9
22/03/1984,13.8,28
23/03/1984,16.6,24.7
24/03/1984,17.8,21.5
25/03/1984,9.4,17.5
26/03/1984,10.2,16.1
27/03/1984,7.4,18.7
28/03/1984,8.7,24.5
29/03/1984,14,27.6
30/03/1984,15.3,17.4
31/03/1984,11.1,18.2
1/04/1984,9.7,19.7
2/04/1984,10.3,18.5
3/04/1984,9.2,17.7
4/04/1984,8.2,20.7
5/04/1984,9.7,21.2
6/04/1984,12.4,17.2
7/04/1984,12.5,21.5
8/04/1984,9,22
9/04/1984,9.7,23.2
10/04/1984,10.1,25.4
11/04/1984,11.2,24.6
12/04/1984,12,24.8
13/04/1984,11.1,25
14/04/1984,10.8,25
15/04/1984,12.8,18.2
16/04/1984,9.8,21.5
17/04/1984,13.7,16.2
18/04/1984,11,17.3
19/04/1984,13.2,15.5
20/04/1984,13,16.4
21/04/1984,10.2,19.6
22/04/1984,13.2,18.5
23/04/1984,9.3,16.5
24/04/1984,11.1,16
25/04/1984,10.3,17.7
26/04/1984,8.7,19.2
27/04/1984,11.7,16.8
28/04/1984,12.5,16.5
29/04/1984,6.5,22.5
30/04/1984,9.6,22.7
1/05/1984,13.8,23.5
2/05/1984,14.7,19
3/05/1984,9.1,15.5
4/05/1984,4.8,13.5
5/05/1984,3.3,14
6/05/1984,3.5,14.7
7/05/1984,5.7,15.6
8/05/1984,5.5,17
9/05/1984,7,18
10/05/1984,9.5,19.6
11/05/1984,9.9,17.1
12/05/1984,4.9,16.7
13/05/1984,6.3,16.9
14/05/1984,4.8,18.2
15/05/1984,6.2,19.4
16/05/1984,7.1,22
17/05/1984,7.5,21.7
18/05/1984,9.4,22
19/05/1984,8.7,22.2
20/05/1984,9.5,20
21/05/1984,12.1,16.5
22/05/1984,9.5,15.6
23/05/1984,9.3,15
24/05/1984,8.5,16.6
25/05/1984,8,18.7
26/05/1984,9.8,18.7
27/05/1984,6.2,18.1
28/05/1984,7.3,15.6
29/05/1984,10.9,20.1
30/05/1984,10,20.3
31/05/1984,8.7,15.2
1/06/1984,9,17.1
2/06/1984,10.8,16.3
3/06/1984,12.4,18.3
4/06/1984,7.2,18.3
5/06/1984,7.2,19
6/06/1984,11.1,20
7/06/1984,9.3,15.7
8/06/1984,10.1,14.9
9/06/1984,3.9,13.1
10/06/1984,5,13.6
11/06/1984,8.2,13.8
12/06/1984,2.8,15
13/06/1984,4.3,16.9
14/06/1984,8.1,18.3
15/06/1984,11.1,16.4
16/06/1984,4.7,14
17/06/1984,5.3,12.5
18/06/1984,10,12.8
19/06/1984,5.6,12.2
20/06/1984,2.2,14.2
21/06/1984,7.1,14.2
22/06/1984,8.3,15.5
23/06/1984,8.6,15.1
24/06/1984,10.1,14.4
25/06/1984,8.3,12.9
26/06/1984,7.2,10.8
27/06/1984,7.7,11.7
28/06/1984,7.8,13.3
29/06/1984,9.1,12.4
30/06/1984,9.4,13.4
1/07/1984,7.8,10.6
2/07/1984,2.6,7
3/07/1984,2.4,12.6
4/07/1984,3.9,13.2
5/07/1984,1.3,12.1
6/07/1984,2.1,10.3
7/07/1984,7.4,15.7
8/07/1984,7.2,11.7
9/07/1984,8.8,15.1
10/07/1984,8.9,15.8
11/07/1984,8.8,15
12/07/1984,8,11.6
13/07/1984,0.7,11.4
14/07/1984,?0.1,10
15/07/1984,0.9,14.7
16/07/1984,7.8,13.6
17/07/1984,7.2,13.2
18/07/1984,8,11
19/07/1984,4.6,13
20/07/1984,5.2,12
21/07/1984,5.8,10.6
22/07/1984,6.8,13.3
23/07/1984,8.1,14.5
24/07/1984,7.5,13.5
25/07/1984,5.4,15.9
26/07/1984,4.6,12.8
27/07/1984,6.4,11.7
28/07/1984,9.7,13
29/07/1984,7,14
30/07/1984,10,16
31/07/1984,10.6,17
1/08/1984,11.5,16.3
2/08/1984,10.2,17.6
3/08/1984,11.1,19.5
4/08/1984,11,14
5/08/1984,8.9,17.5
6/08/1984,9.9,19.2
7/08/1984,11.7,18.5
8/08/1984,11.6,15.1
9/08/1984,9,15.4
10/08/1984,6.3,13.3
11/08/1984,8.7,13.1
12/08/1984,8.5,12.8
13/08/1984,8.5,12
14/08/1984,8,13.3
15/08/1984,6,12.9
16/08/1984,8,15.4
17/08/1984,8.5,13.4
18/08/1984,7.7,15.1
19/08/1984,8.4,14.7
20/08/1984,9,14.9
21/08/1984,8.3,16.8
22/08/1984,6.8,15.8
23/08/1984,9.3,17
24/08/1984,6.7,14.1
25/08/1984,9,16.5
26/08/1984,7.3,12.4
27/08/1984,6.3,12.7
28/08/1984,7.9,14.6
29/08/1984,5.2,17.6
30/08/1984,9,19.6
31/08/1984,11.3,17.3
1/09/1984,9.2,17.9
2/09/1984,11.3,17.8
3/09/1984,7,13
4/09/1984,8,13.2
5/09/1984,4.6,17.1
6/09/1984,8.5,19.6
7/09/1984,9.5,16.3
8/09/1984,9.4,16.9
9/09/1984,10.5,22.2
10/09/1984,9.7,12
11/09/1984,4.9,14.2
12/09/1984,8,16.8
13/09/1984,5.8,16.9
14/09/1984,5.5,22
15/09/1984,10.9,16.4
16/09/1984,11.7,14.2
17/09/1984,9.2,11.8
18/09/1984,8.9,15.2
19/09/1984,11.3,12.6
20/09/1984,8.6,13.2
21/09/1984,6.2,14.4
22/09/1984,6.6,15
23/09/1984,9.1,16.5
24/09/1984,6.1,13.3
25/09/1984,7.5,14.5
26/09/1984,10.7,16.7
27/09/1984,6.3,13.8
28/09/1984,5.5,12.4
29/09/1984,6.7,13.7
30/09/1984,4.2,19.9
1/10/1984,11.3,24
2/10/1984,16.3,18.7
3/10/1984,10.5,18.9
4/10/1984,10.3,20.2
5/10/1984,7.9,19.9
6/10/1984,7.7,24
7/10/1984,16,27.3
8/10/1984,14.6,24.2
9/10/1984,12.5,18
10/10/1984,8.1,21.3
11/10/1984,12.2,26.6
12/10/1984,17.2,18.5
13/10/1984,9.4,18.2
14/10/1984,8.7,21
15/10/1984,5.9,12
16/10/1984,4.8,12.2
17/10/1984,7.4,14.1
18/10/1984,9.4,16.5
19/10/1984,9.7,15.5
20/10/1984,9.9,15
21/10/1984,6.5,20.8
22/10/1984,9.8,27.3
23/10/1984,18.2,28.4
24/10/1984,11.3,18.9
25/10/1984,9.1,18.2
26/10/1984,9.6,25.5
27/10/1984,13.5,15.9
28/10/1984,10.7,15.5
29/10/1984,10,21.4
30/10/1984,8.5,23.2
31/10/1984,12.6,26.8
1/11/1984,16.6,23.9
2/11/1984,11.6,19.1
3/11/1984,12.2,15.2
4/11/1984,11.2,14.9
5/11/1984,9.2,21.3
6/11/1984,9.9,25.4
7/11/1984,11.9,28.7
8/11/1984,15.6,32.3
9/11/1984,19,25.7
10/11/1984,12.8,19
11/11/1984,12.2,19.4
12/11/1984,12,15
13/11/1984,11.1,16.5
14/11/1984,11.8,16.3
15/11/1984,7.6,28.9
16/11/1984,13,27.4
17/11/1984,12.7,32.9
18/11/1984,16,27
19/11/1984,14.8,23.7
20/11/1984,14.2,22.8
21/11/1984,10,16.5
22/11/1984,8.8,14
23/11/1984,11.6,18
24/11/1984,8.6,28.2
25/11/1984,14.6,32.8
26/11/1984,24.3,28
27/11/1984,11.6,22.2
28/11/1984,10.8,21.8
29/11/1984,12,18.7
30/11/1984,11,25.5
1/12/1984,12.6,27.6
2/12/1984,10.8,16.5
3/12/1984,9.1,15.9
4/12/1984,11,16.8
5/12/1984,13,17.9
6/12/1984,12.8,23.1
7/12/1984,9.9,22.8
8/12/1984,11.6,24.2
9/12/1984,10.5,27.7
10/12/1984,15.9,21.3
11/12/1984,12.2,23.5
12/12/1984,13,17.9
13/12/1984,12.5,24.2
14/12/1984,12.5,20
15/12/1984,11.4,23.7
16/12/1984,12.1,27
17/12/1984,16.8,24.6
18/12/1984,12.1,25
19/12/1984,11.3,20
20/12/1984,10.4,22.7
21/12/1984,14.2,22.6
22/12/1984,11.4,29.2
23/12/1984,13.7,27.8
24/12/1984,16.5,26.5
25/12/1984,12.8,18.9
26/12/1984,12.2,23.2
27/12/1984,12,24.2
28/12/1984,12.6,28.1
29/12/1984,16,30.3
30/12/1984,16.4,25.6
1/01/1985,13.3,20.7
2/01/1985,15.2,19.6
3/01/1985,13.1,21.7
4/01/1985,12.7,28
5/01/1985,14.6,21.3
6/01/1985,11,21.4
7/01/1985,13.2,21.4
8/01/1985,12.2,22.6
9/01/1985,14.4,21.7
10/01/1985,13.7,21.8
11/01/1985,14.5,19.8
12/01/1985,14.1,30.4
13/01/1985,14.4,36
14/01/1985,19.7,42.2
15/01/1985,16.5,21.1
16/01/1985,15.9,20
17/01/1985,11.8,18.4
18/01/1985,12,19.1
19/01/1985,11.4,19.3
20/01/1985,14.4,18.8
21/01/1985,12.4,22.8
22/01/1985,15.1,20
23/01/1985,15.6,21.9
24/01/1985,15.2,20.1
25/01/1985,12.8,23.2
26/01/1985,13.3,34.5
27/01/1985,17.5,22.1
28/01/1985,15.4,21.6
29/01/1985,13.5,30
30/01/1985,16.7,34
31/01/1985,15.2,22.2
1/02/1985,14.9,19.6
2/02/1985,10.2,25.4
3/02/1985,13.6,37.1
4/02/1985,19,30.2
5/02/1985,15.7,29.1
6/02/1985,18,21.1
7/02/1985,14.8,19.1
8/02/1985,13.9,22.2
9/02/1985,13,24.4
10/02/1985,15.3,20.3
11/02/1985,14.3,28
12/02/1985,15.6,32.2
13/02/1985,16,23.4
14/02/1985,14.9,21.4
15/02/1985,11.1,33.5
16/02/1985,14.8,18.6
17/02/1985,13,19.2
18/02/1985,12.2,21.1
19/02/1985,10.9,29.5
20/02/1985,14.6,25.7
21/02/1985,16.6,32.4
22/02/1985,18.1,28.5
23/02/1985,13.4,20.6
24/02/1985,10.3,25.2
25/02/1985,13.6,20.8
26/02/1985,13.8,17.5
27/02/1985,10.3,20.1
28/02/1985,11,22.4
1/03/1985,14.3,24
2/03/1985,15.5,21
3/03/1985,14.7,26.8
4/03/1985,12.7,17.7
5/03/1985,10.7,19.2
6/03/1985,12.6,19.1
7/03/1985,9.8,26.4
8/03/1985,13.2,29.7
9/03/1985,15.2,30.2
10/03/1985,16.6,33
11/03/1985,21,33.3
12/03/1985,22.4,33
13/03/1985,17,36.1
14/03/1985,21.7,34
15/03/1985,21.4,34.7
16/03/1985,18.6,20.4
17/03/1985,16.2,19.4
18/03/1985,16.8,21.3
19/03/1985,17,26.8
20/03/1985,18.4,28.5
21/03/1985,17.2,25.6
22/03/1985,18.4,28.6
23/03/1985,18.8,32.5
24/03/1985,16.5,18.7
25/03/1985,13.3,23.2
26/03/1985,12.2,23.7
27/03/1985,11.3,27.2
28/03/1985,13.8,23.5
29/03/1985,16.6,19
30/03/1985,14,22.6
31/03/1985,14.3,30.1
1/04/1985,16.4,23.3
2/04/1985,11.9,19.7
3/04/1985,15.7,22.3
4/04/1985,17.6,21.6
5/04/1985,17.5,23.5
6/04/1985,15.9,22.6
7/04/1985,16.2,24
8/04/1985,16,22.9
9/04/1985,15.9,22.4
10/04/1985,16.2,28.8
11/04/1985,16.2,30
12/04/1985,19.5,32.4
13/04/1985,18.2,33.8
14/04/1985,21.8,26.8
15/04/1985,15.1,18.6
16/04/1985,11,17
17/04/1985,8.1,15.3
18/04/1985,9.5,15.3
19/04/1985,9.3,16.8
20/04/1985,10.6,16
21/04/1985,6.3,16.6
22/04/1985,8.6,17.2
23/04/1985,6.8,21.5
24/04/1985,8.7,19.7
25/04/1985,8.4,19.8
26/04/1985,9.3,21.2
27/04/1985,10,23.7
28/04/1985,10.5,23.9
29/04/1985,12,25.6
30/04/1985,10.1,24.7
1/05/1985,9.4,20.2
2/05/1985,10.1,23.5
3/05/1985,8,22.2
4/05/1985,10.6,24.5
5/05/1985,13.6,25.5
6/05/1985,15.4,18.8
7/05/1985,9,18
8/05/1985,10.4,14.9
9/05/1985,11,18.3
10/05/1985,12.1,19.2
11/05/1985,13.4,18.9
12/05/1985,11.3,19.2
13/05/1985,6.7,21.5
14/05/1985,9.8,18
15/05/1985,10.8,13.1
16/05/1985,7.8,14.9
17/05/1985,4.5,15.2
18/05/1985,7.6,13.5
19/05/1985,6.9,15.2
20/05/1985,7.5,14.2
21/05/1985,8.5,14.6
22/05/1985,5.5,16
23/05/1985,9.5,15.1
24/05/1985,7.3,15.6
25/05/1985,5.4,17.5
26/05/1985,5.5,18.8
27/05/1985,8.1,20.4
28/05/1985,11.2,20.3
29/05/1985,13.4,19.1
30/05/1985,11.6,14.9
31/05/1985,10.1,14.6
1/06/1985,4.3,13.7
2/06/1985,5.5,13
3/06/1985,4.4,13.4
4/06/1985,5.9,12.7
5/06/1985,5.7,14.2
6/06/1985,8.2,13.7
7/06/1985,8.2,12.7
8/06/1985,4.2,14.1
9/06/1985,6.5,12.8
10/06/1985,10,17.1
11/06/1985,8.8,14
12/06/1985,6.6,14.5
13/06/1985,7.8,15.7
14/06/1985,10.1,14.1
15/06/1985,7.1,13.7
16/06/1985,7.7,13.3
17/06/1985,8.5,13.4
18/06/1985,7.3,11.9
19/06/1985,6.9,13.6
20/06/1985,8.4,13.3
21/06/1985,7.1,12.2
22/06/1985,6.3,10.8
23/06/1985,0.6,13
24/06/1985,1.6,14.1
25/06/1985,7,14.4
26/06/1985,8.3,13.3
27/06/1985,8,15.7
28/06/1985,10.2,15.6
29/06/1985,10.6,19.3
30/06/1985,10.4,16.3
1/07/1985,11.6,19.4
2/07/1985,11,17.7
3/07/1985,10.7,16.9
4/07/1985,7.3,14.4
5/07/1985,4.2,14.3
6/07/1985,4.7,13
7/07/1985,5.6,12.3
8/07/1985,7.7,12.8
9/07/1985,7.5,12.7
10/07/1985,4.9,10.8
11/07/1985,5.9,14.6
12/07/1985,7.8,13.3
13/07/1985,5.8,12.7
14/07/1985,7,12.9
15/07/1985,8.4,15.7
16/07/1985,6.2,11.4
17/07/1985,7.5,12
18/07/1985,4.8,12.2
19/07/1985,3.3,11.8
20/07/1985,3.2,13.1
21/07/1985,7,15.5
22/07/1985,8.4,11.3
23/07/1985,0.3,12
24/07/1985,0.3,12.8
25/07/1985,2.1,11.6
26/07/1985,8.5,12.4
27/07/1985,1.4,12.6
28/07/1985,4.1,17.4
29/07/1985,10.3,13.4
30/07/1985,6.6,11.3
31/07/1985,6.1,12.1
1/08/1985,7,12.7
2/08/1985,5.1,12.5
3/08/1985,6.3,13.2
4/08/1985,6.9,17.1
5/08/1985,11.4,15.9
6/08/1985,10.4,15
7/08/1985,10.3,13.2
8/08/1985,9.2,12.6
9/08/1985,7.2,11.8
10/08/1985,7.5,12
11/08/1985,4,14
12/08/1985,5.6,13.7
13/08/1985,6.7,16.1
14/08/1985,8.4,19.8
15/08/1985,11,15.7
16/08/1985,8.4,13.2
17/08/1985,8.8,13.6
18/08/1985,8.6,13.5
19/08/1985,8.3,11.7
20/08/1985,4,11.4
21/08/1985,3.6,15.4
22/08/1985,5.7,17.4
23/08/1985,10.6,15.3
24/08/1985,6.9,16.7
25/08/1985,10,16.5
26/08/1985,9.8,15.3
27/08/1985,7.2,18.8
28/08/1985,10.5,15.3
29/08/1985,3.6,15.6
30/08/1985,5.3,18.7
31/08/1985,8.4,17.4
1/09/1985,10.3,12.6
2/09/1985,7.9,12.9
3/09/1985,8.5,13.5
4/09/1985,7.9,13.6
5/09/1985,8,13.7
6/09/1985,9.8,15.1
7/09/1985,6.7,14.3
8/09/1985,4.8,21.3
9/09/1985,9.9,21.5
10/09/1985,12.8,23.2
11/09/1985,10.9,15.3
12/09/1985,11.7,19.1
13/09/1985,11.7,15.3
14/09/1985,11,14.8
15/09/1985,8.2,15.6
16/09/1985,7.5,14.6
17/09/1985,5.4,14.7
18/09/1985,7.2,13.7
19/09/1985,9.7,13.6
20/09/1985,8.4,13.5
21/09/1985,9,14.6
22/09/1985,8.7,15.6
23/09/1985,6.6,20.7
24/09/1985,11.6,25.1
25/09/1985,13.1,19.7
26/09/1985,6.7,12.5
27/09/1985,6.5,14.1
28/09/1985,7.7,13.3
29/09/1985,8.7,14.7
30/09/1985,7.2,20.5
1/10/1985,10.5,21.8
2/10/1985,8.6,16.2
3/10/1985,7.2,25.8
4/10/1985,11.4,26.6
5/10/1985,16.2,19.4
6/10/1985,6.1,21.1
7/10/1985,9.6,20.2
8/10/1985,11.1,20.9
9/10/1985,13.6,18.1
10/10/1985,10.7,26.3
11/10/1985,14.7,19.2
12/10/1985,11.6,16.1
13/10/1985,7.3,17.9
14/10/1985,8,21.1
15/10/1985,9.6,25.7
16/10/1985,16,23.7
17/10/1985,15.1,19.7
18/10/1985,12.8,16.8
19/10/1985,6.2,14.3
20/10/1985,7.1,14.2
21/10/1985,8.4,20.5
22/10/1985,10,22.2
23/10/1985,12.7,15.4
24/10/1985,10,17.2
25/10/1985,10.2,18
26/10/1985,6.5,20.5
27/10/1985,9.2,23.8
28/10/1985,11.9,24.1
29/10/1985,14.7,25.8
30/10/1985,11.4,19.4
31/10/1985,6.8,18.3
1/11/1985,7.4,22.3
2/11/1985,11.2,17.4
3/11/1985,9.2,20.2
4/11/1985,12.6,27.5
5/11/1985,16,23.9
6/11/1985,17.1,22.8
7/11/1985,15.3,22.7
8/11/1985,13.3,21.5
9/11/1985,15.4,21.9
10/11/1985,13.2,30.3
11/11/1985,14.4,17.7
12/11/1985,14,26.8
13/11/1985,15.5,28.3
14/11/1985,21,24.2
15/11/1985,10,18.2
16/11/1985,9.6,21.8
17/11/1985,12,17.8
18/11/1985,12.2,16.1
19/11/1985,11.3,18.7
20/11/1985,13.2,17.1
21/11/1985,10.5,15.7
22/11/1985,10.1,20.8
23/11/1985,8.8,26.2
24/11/1985,13.7,26.2
25/11/1985,16.2,21.3
26/11/1985,16,20.5
27/11/1985,14,20.7
28/11/1985,13.7,19.9
29/11/1985,12.5,19.1
30/11/1985,12.8,21.7
1/12/1985,12.3,25.6
2/12/1985,15.2,23.4
3/12/1985,15,26.6
4/12/1985,16.4,23.5
5/12/1985,16.1,25
6/12/1985,14.6,25.8
7/12/1985,18.2,28.1
8/12/1985,16.4,27.8
9/12/1985,16.6,23.2
10/12/1985,14.7,21
11/12/1985,15.8,21.1
12/12/1985,14.1,18.3
13/12/1985,13.5,19.6
14/12/1985,13.6,22.2
15/12/1985,13.7,30.6
16/12/1985,13.6,23.1
17/12/1985,12.1,18.4
18/12/1985,12.7,22.4
19/12/1985,13.3,30.9
20/12/1985,14.2,25.2
21/12/1985,15,21.4
22/12/1985,13.7,20.4
23/12/1985,12,18.7
24/12/1985,13.1,22
25/12/1985,13.2,26.6
26/12/1985,13.3,20.4
27/12/1985,11.5,18.5
28/12/1985,10.8,22.5
29/12/1985,12,32.7
30/12/1985,16.3,27.8
31/12/1985,14.4,19
1/01/1986,12.9,21
2/01/1986,13.8,18.5
3/01/1986,10.6,22.2
4/01/1986,12.6,23.3
5/01/1986,13.7,19.8
6/01/1986,12.6,24.7
7/01/1986,13.1,32.4
8/01/1986,15.4,20
9/01/1986,11.9,18.2
10/01/1986,13.8,20.4
11/01/1986,14.4,25.5
12/01/1986,15.2,24.4
13/01/1986,12.5,21.5
14/01/1986,12.2,32.4
15/01/1986,16.1,27.2
16/01/1986,14.6,19.1
17/01/1986,11.6,19.7
18/01/1986,13.1,21.3
19/01/1986,12.8,20.3
20/01/1986,15.2,21
21/01/1986,13.8,22.6
22/01/1986,15,21.5
23/01/1986,13.5,24.2
24/01/1986,11.8,25
25/01/1986,15.3,20.6
26/01/1986,13.5,19.6
27/01/1986,15.3,20
28/01/1986,13.8,29.5
29/01/1986,15.8,35.5
30/01/1986,17.4,21.1
31/01/1986,15.3,23.7
1/02/1986,14.6,33.7
2/02/1986,14.8,21.8
3/02/1986,10.7,21.2
4/02/1986,11.6,23.7
5/02/1986,13.6,26.4
6/02/1986,14.4,21.8
7/02/1986,11.8,31.1
8/02/1986,15.8,38.3
9/02/1986,16,22.7
10/02/1986,11.8,21.5
11/02/1986,14.5,20.8
12/02/1986,10.7,30
13/02/1986,14.2,34.5
14/02/1986,19.5,36.5
15/02/1986,21.4,28.9
16/02/1986,17.9,27.2
17/02/1986,17.4,25.5
18/02/1986,12.7,22.3
19/02/1986,13.8,21.8
20/02/1986,14,22.4
21/02/1986,15,19.7
22/02/1986,14.5,19.4
23/02/1986,13.1,18.5
24/02/1986,11.4,24
25/02/1986,12.5,25.8
26/02/1986,12,25.5
27/02/1986,13.4,26.6
28/02/1986,14.4,34.5
1/03/1986,17.7,21.1
2/03/1986,13.9,20.4
3/03/1986,13.3,24.9
4/03/1986,14.6,21.9
5/03/1986,16.4,25.5
6/03/1986,16.8,38
7/03/1986,20,36.4
8/03/1986,12.5,19
9/03/1986,12.7,18.4
10/03/1986,11.7,17.7
11/03/1986,12.7,21.3
12/03/1986,8.6,25.7
13/03/1986,11.9,30.5
14/03/1986,16,32.6
15/03/1986,15.2,23
16/03/1986,13.4,20.5
17/03/1986,11.6,21.8
18/03/1986,11.1,26.4
19/03/1986,15.6,25.8
20/03/1986,17,36.7
21/03/1986,18.5,27.2
22/03/1986,17.4,27.7
23/03/1986,16.5,20.4
24/03/1986,16.2,18.8
25/03/1986,16.1,22.6
26/03/1986,13.2,32.7
27/03/1986,18,22.8
28/03/1986,12.8,24.4
29/03/1986,11.7,32.6
30/03/1986,16.7,29.1
31/03/1986,15.6,18.3
1/04/1986,10.2,19.6
2/04/1986,10.3,28.6
3/04/1986,15,26.8
4/04/1986,18,30.7
5/04/1986,13.8,16.8
6/04/1986,10.5,16.1
7/04/1986,11.8,18.2
8/04/1986,7.2,19.3
9/04/1986,11.6,19.8
10/04/1986,7.4,26.8
11/04/1986,14.2,17.5
12/04/1986,12.2,18.2
13/04/1986,9,24.9
14/04/1986,12.3,27.3
15/04/1986,19.7,24.8
16/04/1986,12.8,18
17/04/1986,12.4,16.8
18/04/1986,12,14.6
19/04/1986,12,18.7
20/04/1986,11.1,18.8
21/04/1986,12.7,19.5
22/04/1986,14.2,21.1
23/04/1986,11.6,20
24/04/1986,12,18.5
25/04/1986,11.5,17
26/04/1986,8.3,16.2
27/04/1986,10.5,16.7
28/04/1986,9,14.9
29/04/1986,6.9,15.5
30/04/1986,9.4,15.3
1/05/1986,11.1,15.7
2/05/1986,9.1,17.3
3/05/1986,7.7,17.1
4/05/1986,10,16.2
5/05/1986,10.4,15.4
6/05/1986,8,15
7/05/1986,9.8,19
8/05/1986,12.4,19.7
9/05/1986,12.9,19.7
10/05/1986,12.3,15.1
11/05/1986,6.9,16.4
12/05/1986,10.5,21.7
13/05/1986,11,19.5
14/05/1986,9.7,17.2
15/05/1986,11.1,16.4
16/05/1986,11.5,18
17/05/1986,13.4,19.5
18/05/1986,10.9,16.2
19/05/1986,12,16
20/05/1986,12.1,14.4
21/05/1986,10.4,15.4
22/05/1986,10,18.2
23/05/1986,9.6,13.8
24/05/1986,11.3,16.1
25/05/1986,8.5,13.7
26/05/1986,6.3,16.8
27/05/1986,8.2,15.9
28/05/1986,10.7,16.7
29/05/1986,10.3,14.6
30/05/1986,9.5,15.2
31/05/1986,10.9,14
1/06/1986,10.9,14.1
2/06/1986,4.3,16
3/06/1986,5.2,16.7
4/06/1986,11,15.2
5/06/1986,11.6,13.3
6/06/1986,10.6,14
7/06/1986,9.4,15.9
8/06/1986,10,14.5
9/06/1986,9.6,14.2
10/06/1986,9.5,13
11/06/1986,9.7,13.7
12/06/1986,9.6,14.7
13/06/1986,7,14.6
14/06/1986,7,13.9
15/06/1986,6.8,14.2
16/06/1986,6.9,16.8
17/06/1986,8,14.7
18/06/1986,7.6,12.1
19/06/1986,8.6,10.2
20/06/1986,5.7,10.8
21/06/1986,5.5,11.9
22/06/1986,5.7,11.8
23/06/1986,5.7,12
24/06/1986,6.6,12.7
25/06/1986,6,13.6
26/06/1986,6.9,13
27/06/1986,7.7,13.1
28/06/1986,8,11.1
29/06/1986,3.9,12.8
30/06/1986,0.8,13.3
1/07/1986,2.8,11.7
2/07/1986,8,14.3
3/07/1986,9.8,15.4
4/07/1986,11.4,14.2
5/07/1986,8.6,13
6/07/1986,5.2,13.1
7/07/1986,6.6,12.4
8/07/1986,5.7,11.2
9/07/1986,4.6,9.2
10/07/1986,5.8,12.4
11/07/1986,7,12.7
12/07/1986,4.8,13.7
13/07/1986,4.4,12.7
14/07/1986,4.4,15
15/07/1986,7.9,16.4
16/07/1986,10.6,14
17/07/1986,5,13.2
18/07/1986,7.6,13.6
19/07/1986,9.2,15.4
20/07/1986,9.7,13.8
21/07/1986,8.8,15
22/07/1986,6.8,14.5
23/07/1986,9.4,14.8
24/07/1986,11,14
25/07/1986,2.5,8.2
26/07/1986,2.1,10
27/07/1986,5.4,11.2
28/07/1986,6.2,13.3
29/07/1986,7.8,13.7
30/07/1986,7.4,15
31/07/1986,9.3,12.5
1/08/1986,9.3,15.3
2/08/1986,9.5,16.4
3/08/1986,8.5,17.6
4/08/1986,10,15
5/08/1986,7.7,14.8
6/08/1986,9.3,13.8
7/08/1986,9.1,14.8
8/08/1986,3.5,16.6
9/08/1986,3.6,17.3
10/08/1986,2.5,12.2
11/08/1986,1.7,12.1
12/08/1986,2.7,13.9
13/08/1986,2.9,16.8
14/08/1986,5.3,16.8
15/08/1986,7.7,14.5
16/08/1986,9.1,15.1
17/08/1986,9.4,13.8
18/08/1986,7.3,13
19/08/1986,8.4,14.5
20/08/1986,9.2,18
21/08/1986,6.6,20.2
22/08/1986,9.7,21
23/08/1986,12.4,16.5
24/08/1986,10.2,12.2
25/08/1986,5.9,15
26/08/1986,7.1,15.7
27/08/1986,7.5,17.7
28/08/1986,9.7,18.9
29/08/1986,12.2,14.9
30/08/1986,5.6,11.4
31/08/1986,5.4,15.4
1/09/1986,8.3,15.2
2/09/1986,10.6,17.6
3/09/1986,9.1,17.2
4/09/1986,11.3,21.6
5/09/1986,10.9,18.7
6/09/1986,8.9,13.9
7/09/1986,6.3,13.3
8/09/1986,9,14.6
9/09/1986,6.1,16.5
10/09/1986,9.1,17.7
11/09/1986,9.6,13.6
12/09/1986,6,15.2
13/09/1986,10,15.5
14/09/1986,11,16.5
15/09/1986,6.2,18.8
16/09/1986,8.3,13.6
17/09/1986,11.3,14
18/09/1986,11.3,13.8
19/09/1986,6.7,16
20/09/1986,6.6,19.3
21/09/1986,11.4,16.9
22/09/1986,6.9,14.3
23/09/1986,10.6,16.7
24/09/1986,8.6,21.3
25/09/1986,11.3,19.4
26/09/1986,12.5,18.7
27/09/1986,9.9,14.7
28/09/1986,6.9,16.2
29/09/1986,5.5,15.5
30/09/1986,7.8,23.4
1/10/1986,11,22
2/10/1986,16.2,16.7
3/10/1986,9.9,14.4
4/10/1986,8.7,16.4
5/10/1986,10.5,19.6
6/10/1986,12.2,18.3
7/10/1986,10.6,14.4
8/10/1986,8.3,14.8
9/10/1986,5.5,17.1
10/10/1986,9,15.2
11/10/1986,6.4,19.5
12/10/1986,7.2,21.1
13/10/1986,12.9,21.7
14/10/1986,12,14.6
15/10/1986,7.3,18.2
16/10/1986,9.7,17.8
17/10/1986,8.4,23.5
18/10/1986,14.7,20.8
19/10/1986,9.5,15.7
20/10/1986,7.9,16.1
21/10/1986,6.8,21
22/10/1986,12.6,15
23/10/1986,5.2,16
24/10/1986,7.5,16
25/10/1986,8.7,14.8
26/10/1986,7.6,14.6
27/10/1986,9,16.1
28/10/1986,7.2,21.6
29/10/1986,10.7,23.8
30/10/1986,13.1,27
31/10/1986,13.9,20.7
1/11/1986,10.8,19.7
2/11/1986,10.4,20
3/11/1986,9.1,28.8
4/11/1986,16,30
5/11/1986,21,33.1
6/11/1986,16.2,18.9
7/11/1986,8.6,16.3
8/11/1986,9.2,19
9/11/1986,12.5,18.3
10/11/1986,9.7,21.2
11/11/1986,12.5,16.5
12/11/1986,10.3,16.7
13/11/1986,12,19.5
14/11/1986,11,29.1
15/11/1986,14.8,19.7
16/11/1986,15,22.6
17/11/1986,15.3,20.7
18/11/1986,10.3,14
19/11/1986,10.7,15.5
20/11/1986,10.5,14.8
21/11/1986,8.9,19.2
22/11/1986,8.1,27.4
23/11/1986,11.5,18.5
24/11/1986,12.8,18.5
25/11/1986,9.1,31.5
26/11/1986,14.6,16.7
27/11/1986,11.6,15.7
28/11/1986,11.2,16.7
29/11/1986,12.6,22
30/11/1986,7.5,25.7
1/12/1986,11,29.2
2/12/1986,14.5,27.7
3/12/1986,18.5,29.4
4/12/1986,15.4,19.9
5/12/1986,13.1,27.8
6/12/1986,16.3,31.2
7/12/1986,20.2,22.8
8/12/1986,11.5,17.6
9/12/1986,12.4,19.4
10/12/1986,10.9,27.5
11/12/1986,12.7,18.4
12/12/1986,12.2,17.3
13/12/1986,12.4,17.5
14/12/1986,9.8,17.3
15/12/1986,8.5,21.9
16/12/1986,14.7,21.1
17/12/1986,12,17.9
18/12/1986,10.3,19.6
19/12/1986,11,23.6
20/12/1986,10.2,18.2
21/12/1986,12.6,20
22/12/1986,11.6,17.5
23/12/1986,9.7,18.9
24/12/1986,13.4,18.7
25/12/1986,10.5,28.9
26/12/1986,14.7,21.6
27/12/1986,14.6,20.7
28/12/1986,14.2,21.8
29/12/1986,13.2,21.9
30/12/1986,11.7,35
31/12/1986,17.2,26
1/01/1987,12.3,20
2/01/1987,13.8,33.6
3/01/1987,15.3,20.1
4/01/1987,15.6,23.5
5/01/1987,16.2,23.6
6/01/1987,16.3,24.5
7/01/1987,16.8,27
8/01/1987,11,17
9/01/1987,8.5,18.9
10/01/1987,13.2,21.8
11/01/1987,13,27.5
12/01/1987,12.4,22.8
13/01/1987,13,26.5
14/01/1987,16.6,22.7
15/01/1987,12,22.5
16/01/1987,12.4,37.8
17/01/1987,15,22
18/01/1987,11.8,27.6
19/01/1987,11.6,21.2
20/01/1987,12.2,22.6
21/01/1987,13.7,18.7
22/01/1987,11.2,17.5
23/01/1987,12.4,17.7
24/01/1987,11.5,30.3
25/01/1987,13.8,25.6
26/01/1987,15.7,32.7
27/01/1987,12.9,22.9
28/01/1987,11.5,21
29/01/1987,11,22.5
30/01/1987,12.7,25.7
31/01/1987,14.9,37.8
1/02/1987,16.5,21.3
2/02/1987,12.8,38.7
3/02/1987,12.7,21.5
4/02/1987,12.7,18.8
5/02/1987,11.6,21.7
6/02/1987,13.3,30.6
7/02/1987,15.2,40
8/02/1987,16.4,20.8
9/02/1987,11.9,23.7
10/02/1987,15.1,22
11/02/1987,10.6,20.5
12/02/1987,13.6,23.3
13/02/1987,12.1,34.2
14/02/1987,16,36.7
15/02/1987,16.8,21.3
16/02/1987,16.6,28.7
17/02/1987,15.6,27.6
18/02/1987,15.2,28.8
19/02/1987,17.7,37
20/02/1987,21,21.7
21/02/1987,13.4,22.7
22/02/1987,10.5,18.5
23/02/1987,9.5,25.4
24/02/1987,12,28.7
25/02/1987,10.4,18.4
26/02/1987,11.5,24.3
27/02/1987,13.2,33
28/02/1987,15,16.5
1/03/1987,14.1,18
2/03/1987,12.4,22.1
3/03/1987,13.4,24.3
4/03/1987,12.5,24.7
5/03/1987,14.3,30.1
6/03/1987,17.6,22.7
7/03/1987,10.4,22.9
8/03/1987,9.9,16.4
9/03/1987,10.2,16.2
10/03/1987,11.3,19
11/03/1987,9.5,27
12/03/1987,11.8,21.7
13/03/1987,11.5,16.7
14/03/1987,10.5,17.7
15/03/1987,10.8,21.6
16/03/1987,13,33.8
17/03/1987,18.5,31.8
18/03/1987,18.7,32
19/03/1987,15,17.6
20/03/1987,13,20.2
21/03/1987,11.3,17.3
22/03/1987,13,17
23/03/1987,13.3,15.6
24/03/1987,11,17.1
25/03/1987,10.3,21.9
26/03/1987,13,20.1
27/03/1987,12.3,29.7
28/03/1987,15.6,20.7
29/03/1987,10.2,16.5
30/03/1987,10.8,15.8
31/03/1987,12,17.4
1/04/1987,13.3,19.4
2/04/1987,11.7,21.1
3/04/1987,12.5,19.9
4/04/1987,13.7,28.6
5/04/1987,14.9,29.7
6/04/1987,20.2,29.7
7/04/1987,16.3,19.9
8/04/1987,13.9,17.4
9/04/1987,10.1,18.6
10/04/1987,7.3,23
11/04/1987,14,25.1
12/04/1987,17.7,26.6
13/04/1987,16.3,19
14/04/1987,10.6,21.2
15/04/1987,9.7,16.5
16/04/1987,7.8,17.5
17/04/1987,10.4,18.2
18/04/1987,10.4,24
19/04/1987,14.1,22.8
20/04/1987,7.1,15.1
21/04/1987,8.1,16.1
22/04/1987,7.8,15.8
23/04/1987,10.6,17
24/04/1987,9.1,19.7
25/04/1987,9,24.9
26/04/1987,11.9,26.9
27/04/1987,17.1,27.9
28/04/1987,16.8,18.5
29/04/1987,13.5,17
30/04/1987,11.6,16.4
1/05/1987,7,20.8
2/05/1987,9.7,16.7
3/05/1987,9.9,15.8
4/05/1987,11.2,18.5
5/05/1987,11.3,16.5
6/05/1987,11.8,16.6
7/05/1987,9.9,17.4
8/05/1987,7.1,21.7
9/05/1987,9.6,22.7
10/05/1987,9.8,23.3
11/05/1987,10.6,22.5
12/05/1987,12.8,21.9
13/05/1987,16.5,17.9
14/05/1987,11.7,20.1
15/05/1987,12.3,16
16/05/1987,12.2,16.6
17/05/1987,11.8,15.6
18/05/1987,10.7,15.2
19/05/1987,10.2,14.3
20/05/1987,10,15
21/05/1987,8.3,14.5
22/05/1987,6.6,16.9
23/05/1987,9.5,18.3
24/05/1987,12.3,18
25/05/1987,7.6,13.5
26/05/1987,9.3,13.7
27/05/1987,5,10.9
28/05/1987,4.3,13.6
29/05/1987,6.4,15.2
30/05/1987,10.8,14.1
31/05/1987,7.8,13.2
1/06/1987,8.5,13.8
2/06/1987,9.7,14.6
3/06/1987,10,16.2
4/06/1987,11,14.5
5/06/1987,10.2,14.3
6/06/1987,6.6,15.6
7/06/1987,6.1,15.9
8/06/1987,5.9,19.3
9/06/1987,8.9,16
10/06/1987,13,20.3
11/06/1987,12.6,15.8
12/06/1987,5.4,16.2
13/06/1987,6,12.8
14/06/1987,7.8,15
15/06/1987,9,13.4
16/06/1987,4.2,13.2
17/06/1987,3,13.8
18/06/1987,4.5,15.7
19/06/1987,6.2,16.2
20/06/1987,11.9,14.9
21/06/1987,11.8,18.3
22/06/1987,9.4,15.3
23/06/1987,9.6,15.2
24/06/1987,9.4,14.2
25/06/1987,7,12
26/06/1987,8.9,13.7
27/06/1987,9.3,13.8
28/06/1987,6.8,12.3
29/06/1987,7.5,12.8
30/06/1987,8,13.1
1/07/1987,8.3,14.5
2/07/1987,2.7,14
3/07/1987,3.9,13.3
4/07/1987,4.1,15.7
5/07/1987,5,16
6/07/1987,5.8,16.2
7/07/1987,4.4,18
8/07/1987,4.1,16.3
9/07/1987,5.8,15.8
10/07/1987,9.1,13.3
11/07/1987,7.9,13.7
12/07/1987,5,11.5
13/07/1987,2.8,13.7
14/07/1987,4.7,12.3
15/07/1987,8.9,12.6
16/07/1987,5.4,12.7
17/07/1987,7.1,14.8
18/07/1987,9,14.9
19/07/1987,9.4,12
20/07/1987,6.3,12.8
21/07/1987,7,12.4
22/07/1987,6.4,13
23/07/1987,6.7,13.1
24/07/1987,1.5,12.9
25/07/1987,2.9,13.8
26/07/1987,4.8,15.2
27/07/1987,6.3,13.1
28/07/1987,5.7,11.1
29/07/1987,7,10.8
30/07/1987,8.8,13.1
31/07/1987,8.7,15
1/08/1987,9,15.7
2/08/1987,9.6,16.4
3/08/1987,8,14.1
4/08/1987,8.4,15.5
5/08/1987,8.1,14.8
6/08/1987,9,13.9
7/08/1987,5.3,15.4
8/08/1987,8.9,14.8
9/08/1987,8.7,10.9
10/08/1987,4.9,12.9
11/08/1987,7,12.8
12/08/1987,7.5,18.6
13/08/1987,7,14.6
14/08/1987,9.1,18
15/08/1987,11.8,18.5
16/08/1987,9.9,11.8
17/08/1987,5.6,13.3
18/08/1987,4.2,14.5
19/08/1987,4.3,14
20/08/1987,8,13.3
21/08/1987,5.1,15
22/08/1987,9.4,18.4
23/08/1987,9.1,13.6
24/08/1987,9.7,15.3
25/08/1987,10.6,16.1
26/08/1987,8.6,19
27/08/1987,10.1,15.5
28/08/1987,11,16.2
29/08/1987,9.7,14.9
30/08/1987,5,17.9
31/08/1987,6.1,10.1
1/09/1987,5.4,12.1
2/09/1987,5.8,13.1
3/09/1987,7.3,12.9
4/09/1987,6.3,15.4
5/09/1987,4.8,15.6
6/09/1987,7.6,14
7/09/1987,8.1,14.2
8/09/1987,9.5,17.4
9/09/1987,10.3,14
10/09/1987,7,13.6
11/09/1987,9,15.7
12/09/1987,10.2,14
13/09/1987,6.8,15
14/09/1987,9.3,16.4
15/09/1987,9.8,15.1
16/09/1987,10.7,17.1
17/09/1987,7.8,18.9
18/09/1987,9.2,23.8
19/09/1987,15,25.9
20/09/1987,7.8,15
21/09/1987,5.3,17
22/09/1987,9.5,19
23/09/1987,7.6,26.5
24/09/1987,14,26.9
25/09/1987,14.9,23.7
26/09/1987,14.9,30.7
27/09/1987,19.2,29.6
28/09/1987,17,25.9
29/09/1987,13,20.2
30/09/1987,11.2,14.8
1/10/1987,9.5,13.9
2/10/1987,10.3,15.7
3/10/1987,9.3,22.8
4/10/1987,11.3,18.7
5/10/1987,6.5,17
6/10/1987,12,19
7/10/1987,8.3,14.1
8/10/1987,8.7,17.6
9/10/1987,8.7,19
10/10/1987,10.2,15.8
11/10/1987,6.9,12.9
12/10/1987,4.9,14.5
13/10/1987,10,15.9
14/10/1987,7.6,21.9
15/10/1987,14.5,24.1
16/10/1987,13.2,19.4
17/10/1987,9.9,15.4
18/10/1987,10.1,17.6
19/10/1987,11.3,20.5
20/10/1987,10.4,19.4
21/10/1987,10.9,18
22/10/1987,9.2,16.8
23/10/1987,10.5,15.8
24/10/1987,11.4,16
25/10/1987,13.5,22.1
26/10/1987,9.8,26.8
27/10/1987,13.1,26.3
28/10/1987,9.7,17.5
29/10/1987,11.4,19
30/10/1987,9.9,30.3
31/10/1987,14.4,32.7
1/11/1987,19,35
2/11/1987,23,36.1
3/11/1987,15.4,18.1
4/11/1987,9.6,18.1
5/11/1987,10.8,16.8
6/11/1987,12.1,18.6
7/11/1987,11,20.5
8/11/1987,12.6,27.8
9/11/1987,14.7,18.8
10/11/1987,11.1,16.8
11/11/1987,10.1,17.2
12/11/1987,11.4,19.6
13/11/1987,13,18.8
14/11/1987,11.9,18.5
15/11/1987,9.5,19.8
16/11/1987,13.5,30.5
17/11/1987,15.2,28.3
18/11/1987,18.4,32.6
19/11/1987,24.1,30.1
20/11/1987,14.1,19.8
21/11/1987,10.7,19.9
22/11/1987,8.7,23.8
23/11/1987,13.3,24.3
24/11/1987,11.6,17.4
25/11/1987,9.9,18.2
26/11/1987,10.8,18.4
27/11/1987,11.5,16.9
28/11/1987,10,24
29/11/1987,13.9,32.8
30/11/1987,13.6,18.9
1/12/1987,11.9,15.5
2/12/1987,11.1,16
3/12/1987,8.2,16.6
4/12/1987,9.4,20.8
5/12/1987,12.7,19.6
6/12/1987,11.6,18.5
7/12/1987,11,17.6
8/12/1987,11.3,20.8
9/12/1987,13.4,21.5
10/12/1987,14.9,25
11/12/1987,15.2,21.2
12/12/1987,13.9,22.6
13/12/1987,15,25.6
14/12/1987,16.2,25.1
15/12/1987,17.7,32.5
16/12/1987,20.5,27.8
17/12/1987,14.7,21.5
18/12/1987,12.5,20.7
19/12/1987,10.9,19.9
20/12/1987,12.8,18.4
21/12/1987,12.7,22.3
22/12/1987,11.2,24.6
23/12/1987,11.4,25.6
24/12/1987,11.2,19
25/12/1987,12.1,18.7
26/12/1987,12.7,29.2
27/12/1987,16.2,31.8
28/12/1987,14.2,18.4
29/12/1987,14.3,19.2
30/12/1987,13.3,30.8
31/12/1987,16.7,32.2
1/01/1988,15.3,22
2/01/1988,14.3,21.4
3/01/1988,13.5,20
4/01/1988,15,20.6
5/01/1988,13.6,22.2
6/01/1988,15.2,30
7/01/1988,17,40.4
8/01/1988,18.7,26.3
9/01/1988,16.5,39
10/01/1988,17.4,30.6
11/01/1988,18.3,39.2
12/01/1988,18.3,37.8
13/01/1988,22.4,28.8
14/01/1988,21.4,30.8
15/01/1988,20.9,38.7
16/01/1988,17.6,25.2
17/01/1988,15.5,20.6
18/01/1988,16.6,21
19/01/1988,16.2,25.6
20/01/1988,15.6,36.2
21/01/1988,14.5,24.9
22/01/1988,14,26.2
23/01/1988,15.6,20
24/01/1988,12.3,19.7
25/01/1988,11.6,20.3
26/01/1988,12.6,25.1
27/01/1988,14.9,29.1
28/01/1988,17.3,37.5
29/01/1988,21.4,39.2
30/01/1988,23.4,33.7
31/01/1988,14.4,19.5
1/02/1988,14.1,19.9
2/02/1988,15,21
3/02/1988,14.5,20.3
4/02/1988,15.1,22.6
5/02/1988,13.9,32.9
6/02/1988,13.4,21.3
7/02/1988,9.2,19.5
8/02/1988,12.5,19.2
9/02/1988,15.1,22
10/02/1988,12.1,27.2
11/02/1988,14.5,32.2
12/02/1988,16.3,25.4
13/02/1988,16.5,25
14/02/1988,14.9,25.2
15/02/1988,13.2,26.7
16/02/1988,11.8,25.3
17/02/1988,13.6,29.9
18/02/1988,16.2,27.6
19/02/1988,14.1,20.6
20/02/1988,13.5,21
21/02/1988,15,21.6
22/02/1988,14.8,24
23/02/1988,16.2,23.8
24/02/1988,16.2,21.9
25/02/1988,13.3,29.4
26/02/1988,15.3,37.4
27/02/1988,18.4,21.5
28/02/1988,16.2,21.1
29/02/1988,16.3,21
1/03/1988,12.4,36.3
2/03/1988,15.6,28.7
3/03/1988,14.9,19.4
4/03/1988,14.8,20.3
5/03/1988,12.7,20.8
6/03/1988,14.2,30.5
7/03/1988,16.8,30.3
8/03/1988,16.7,23.4
9/03/1988,16.2,25.7
10/03/1988,14.5,15.7
11/03/1988,10,19.3
12/03/1988,12.6,18.8
13/03/1988,11.9,17
14/03/1988,11.8,17.6
15/03/1988,13.4,18.5
16/03/1988,14.5,21
17/03/1988,15.7,26.9
18/03/1988,15.3,30.6
19/03/1988,13.9,32.7
20/03/1988,13.7,29.2
21/03/1988,15.1,25.8
22/03/1988,15.6,28.2
23/03/1988,14.4,24.7
24/03/1988,13.9,30.6
25/03/1988,16.2,30.6
26/03/1988,16.7,29
27/03/1988,15.5,26.5
28/03/1988,16.4,25.5
29/03/1988,17.5,24.9
30/03/1988,18.2,20.9
31/03/1988,16.1,23.4
1/04/1988,16.5,18.1
2/04/1988,14.6,20.7
3/04/1988,16.4,20.3
4/04/1988,13.6,21.1
5/04/1988,15.9,19.5
6/04/1988,11.9,20.4
7/04/1988,14.7,17.3
8/04/1988,9.4,18.5
9/04/1988,6.6,21
10/04/1988,7.9,23.5
11/04/1988,11,25.7
12/04/1988,15.7,23.1
13/04/1988,15.2,24.8
14/04/1988,15.9,22.4
15/04/1988,10.6,17.4
16/04/1988,8.3,18.3
17/04/1988,8.6,26
18/04/1988,12.7,25.5
19/04/1988,10.5,21.8
20/04/1988,12,21.2
21/04/1988,11.1,25.2
22/04/1988,13,21.7
23/04/1988,12.4,22.6
24/04/1988,13.3,24.3
25/04/1988,15.9,17
26/04/1988,12,20.7
27/04/1988,13.7,22.7
28/04/1988,17.6,25.4
29/04/1988,14.3,24.9
30/04/1988,13.7,25
1/05/1988,15.2,20.5
2/05/1988,14.5,20.2
3/05/1988,14.9,19.4
4/05/1988,15.5,21.4
5/05/1988,16.4,25.5
6/05/1988,14.5,19.4
7/05/1988,12.6,18.8
8/05/1988,13.6,17
9/05/1988,11.2,15.5
10/05/1988,11,16.2
11/05/1988,12,16.7
12/05/1988,6.8,20.1
13/05/1988,10.6,21.4
14/05/1988,13.1,16.4
15/05/1988,13.5,17.3
16/05/1988,11.7,17
17/05/1988,13.2,18.2
18/05/1988,12,17.5
19/05/1988,10.4,14.9
20/05/1988,10,18
21/05/1988,8.2,16.7
22/05/1988,9.4,17.1
23/05/1988,10.3,16.8
24/05/1988,8.1,17.7
25/05/1988,8.7,18.4
26/05/1988,12.6,18.5
27/05/1988,10.9,15.5
28/05/1988,8.7,15.4
29/05/1988,9.3,17.5
30/05/1988,6.3,16.8
31/05/1988,7.8,18.9
1/06/1988,10,19.4
2/06/1988,11,20.3
3/06/1988,11.1,19.3
4/06/1988,12.6,17
5/06/1988,10.2,16.4
6/06/1988,11.1,13.3
7/06/1988,8.7,13.6
8/06/1988,9.5,14.1
9/06/1988,9.7,14.8
10/06/1988,8.2,14.1
11/06/1988,5,17
12/06/1988,6.5,16
13/06/1988,12.1,16.5
14/06/1988,8.9,14.9
15/06/1988,6.1,14.4
16/06/1988,2.8,13.5
17/06/1988,3.7,11.3
18/06/1988,6.8,15
19/06/1988,6.6,13
20/06/1988,7,14.9
21/06/1988,7.3,14.6
22/06/1988,7.9,14.1
23/06/1988,10.6,15.5
24/06/1988,8.1,14.4
25/06/1988,6.7,12
26/06/1988,8,17.5
27/06/1988,10,13.3
28/06/1988,6.7,14.3
29/06/1988,9.4,14
30/06/1988,9.3,13.5
1/07/1988,6,13.3
2/07/1988,5.8,12.3
3/07/1988,4.9,12.6
4/07/1988,5,14.1
5/07/1988,8.4,16.6
6/07/1988,12.3,17.3
7/07/1988,13,17.1
8/07/1988,11.4,16.1
9/07/1988,6.8,15
10/07/1988,7.6,15.4
11/07/1988,12.4,14.6
12/07/1988,7.1,14.6
13/07/1988,7.5,16.8
14/07/1988,10,16.5
15/07/1988,5.3,15.6
16/07/1988,6.3,14.8
17/07/1988,8,15.2
18/07/1988,8.3,15.2
19/07/1988,9.3,15
20/07/1988,9.5,14.1
21/07/1988,5.6,15.5
22/07/1988,7,12.6
23/07/1988,8.5,12.9
24/07/1988,8.5,15.1
25/07/1988,8.2,13
26/07/1988,8.5,15.6
27/07/1988,9.6,13.4
28/07/1988,9.7,14.4
29/07/1988,7.1,14.5
30/07/1988,8.4,15.4
31/07/1988,9.2,16.7
1/08/1988,9.8,16.1
2/08/1988,8.1,16.6
3/08/1988,9.4,16.5
4/08/1988,10,13.8
5/08/1988,5.1,13.4
6/08/1988,6.7,11.9
7/08/1988,6.9,10.7
8/08/1988,6.8,13.2
9/08/1988,8.6,13.1
10/08/1988,9.1,12.8
11/08/1988,3.9,16.2
12/08/1988,4.8,18
13/08/1988,8.4,18.9
14/08/1988,11.6,18.3
15/08/1988,12.1,19.8
16/08/1988,12.4,19.3
17/08/1988,10,16.2
18/08/1988,10.1,17.6
19/08/1988,9.7,17.5
20/08/1988,11.7,13.2
21/08/1988,7.9,13.2
22/08/1988,8.6,13.4
23/08/1988,7.7,14.2
24/08/1988,5.8,16.1
25/08/1988,8.7,14.2
26/08/1988,10.6,14.3
27/08/1988,6.7,14.5
28/08/1988,8.8,17.1
29/08/1988,9.7,18.2
30/08/1988,9,22.2
31/08/1988,11.8,22.4
1/09/1988,15.2,15.6
2/09/1988,10,16.6
3/09/1988,10.5,14.5
4/09/1988,5.5,17.7
5/09/1988,9.4,21
6/09/1988,8.8,14.3
7/09/1988,5.3,20
8/09/1988,13,20.2
9/09/1988,15.2,19.2
10/09/1988,13.2,19.8
11/09/1988,11.5,14.8
12/09/1988,6.8,14.2
13/09/1988,4.7,17.2
14/09/1988,5.2,17.2
15/09/1988,6.8,22.1
16/09/1988,10.7,15.4
17/09/1988,10.1,16.1
18/09/1988,10,14.8
19/09/1988,9.8,15.1
20/09/1988,5.5,20.2
21/09/1988,13.5,22.3
22/09/1988,16.6,24.6
23/09/1988,8.4,18.4
24/09/1988,8.2,18.2
25/09/1988,11.1,23.4
26/09/1988,10.8,23.8
27/09/1988,8.8,20.1
28/09/1988,10.8,20.5
29/09/1988,8.7,19.5
30/09/1988,12.4,18.8
1/10/1988,9,19.8
2/10/1988,13.5,26.2
3/10/1988,14.7,21.2
4/10/1988,10.9,21.2
5/10/1988,8.5,17.3
6/10/1988,6,20.5
7/10/1988,12.7,19.2
8/10/1988,11.1,18
9/10/1988,8.7,17.7
10/10/1988,12.3,23.7
11/10/1988,13.3,16.9
12/10/1988,5.6,23.2
13/10/1988,13.7,22.3
14/10/1988,8.5,18.7
15/10/1988,11.2,24
16/10/1988,8.7,16.4
17/10/1988,11.7,18.8
18/10/1988,12.5,19
19/10/1988,8.2,26.7
20/10/1988,15.6,19.3
21/10/1988,10.3,19.5
22/10/1988,11.4,21.2
23/10/1988,9.7,17
24/10/1988,6.3,24.4
25/10/1988,14.3,29
26/10/1988,11.3,19.2
27/10/1988,7.3,24.6
28/10/1988,12.8,23.4
29/10/1988,11.9,22.6
30/10/1988,14.3,21.1
31/10/1988,11.6,29.1
1/11/1988,13.2,36.1
2/11/1988,15.5,23.1
3/11/1988,14.1,16.5
4/11/1988,9.5,16.2
5/11/1988,7.2,21.3
6/11/1988,11.8,25.4
7/11/1988,16.8,26.4
8/11/1988,12.5,21.1
9/11/1988,9.4,21.1
10/11/1988,11.9,19.7
11/11/1988,10.3,31.2
12/11/1988,16.9,34.5
13/11/1988,17.5,22.9
14/11/1988,7.5,13.5
15/11/1988,8.6,16.2
16/11/1988,11.1,15.3
17/11/1988,11.5,19.2
18/11/1988,10.7,29.4
19/11/1988,15.7,27.7
20/11/1988,12.8,19.6
21/11/1988,13,16.8
22/11/1988,12.9,19.9
23/11/1988,14.3,20.4
24/11/1988,13.7,18.3
25/11/1988,12.1,16.7
26/11/1988,11.9,16.9
27/11/1988,11.8,18.9
28/11/1988,11.4,17.6
29/11/1988,10.3,18.6
30/11/1988,11.7,21.4
1/12/1988,12,28.7
2/12/1988,17.4,28
3/12/1988,16.8,22.8
4/12/1988,16.2,17.2
5/12/1988,13,18.7
6/12/1988,12.5,19.9
7/12/1988,12.4,23
8/12/1988,16.1,30.8
9/12/1988,20.2,31.7
10/12/1988,14.3,20.8
11/12/1988,11,20.8
12/12/1988,14.4,25.2
13/12/1988,15.7,31.3
14/12/1988,19.7,32.1
15/12/1988,20.7,34.3
16/12/1988,23.9,33.7
17/12/1988,16.6,28.6
18/12/1988,17.5,19.2
19/12/1988,14.9,20.9
20/12/1988,13.6,21.1
21/12/1988,11.9,26.1
22/12/1988,15.2,26.4
23/12/1988,17.3,36.8
24/12/1988,19.8,26.3
25/12/1988,15.8,17.9
26/12/1988,9.5,21.3
27/12/1988,12.9,19.5
28/12/1988,12.9,20.1
29/12/1988,14.8,21.7
30/12/1988,14.1,19.5
1/01/1989,14.3,24.8
2/01/1989,17.4,30.2
3/01/1989,18.5,31.6
4/01/1989,16.8,19
5/01/1989,11.5,21.3
6/01/1989,9.5,20.6
7/01/1989,12.2,22.8
8/01/1989,15.7,33.2
9/01/1989,16.3,24.7
10/01/1989,13.6,21.3
11/01/1989,12.6,17.9
12/01/1989,13.8,18.7
13/01/1989,12.1,25.3
14/01/1989,13.4,31
15/01/1989,17.3,33.2
16/01/1989,19.4,31
17/01/1989,16.6,18.2
18/01/1989,13.9,19.1
19/01/1989,13.1,22.2
20/01/1989,16,20.3
21/01/1989,14.5,19.8
22/01/1989,15,18.3
23/01/1989,12.6,27.5
24/01/1989,12.5,29.8
25/01/1989,15.2,31
26/01/1989,16.2,32.9
27/01/1989,16.5,35.5
28/01/1989,20.1,36
29/01/1989,20.6,36.6
30/01/1989,16.9,21.7
31/01/1989,16.5,19.8
1/02/1989,16.1,26.7
2/02/1989,14.4,22.9
3/02/1989,16.3,19.8
4/02/1989,15.7,24.9
5/02/1989,14.2,24.8
6/02/1989,13.2,28.8
7/02/1989,16.8,32.7
8/02/1989,18.5,33.7
9/02/1989,16.7,24.7
10/02/1989,15.3,21.6
11/02/1989,15.9,26.2
12/02/1989,15.2,33.4
13/02/1989,17.5,22.9
14/02/1989,18.3,31.2
15/02/1989,19.4,23.1
16/02/1989,19.4,24.4
17/02/1989,19.5,30.7
18/02/1989,20.5,38.8
19/02/1989,15.7,21.5
20/02/1989,15,20.7
21/02/1989,16.1,20.3
22/02/1989,14.3,21.3
23/02/1989,13,30
24/02/1989,16.2,37.1
25/02/1989,17.7,21.1
26/02/1989,13.2,22
27/02/1989,15.8,34.4
28/02/1989,18.5,33.8
1/03/1989,20.4,37.8
2/03/1989,22,38.4
3/03/1989,19.7,32.8
4/03/1989,19.6,34.4
5/03/1989,20.3,26.4
6/03/1989,18.3,27.3
7/03/1989,18.9,28
8/03/1989,20.3,30.7
9/03/1989,21.4,30.7
10/03/1989,18.3,23.4
11/03/1989,17.8,26.1
12/03/1989,17.7,26.1
13/03/1989,12.8,21.8
14/03/1989,15.1,18.9
15/03/1989,15,18.5
16/03/1989,14.8,17.5
17/03/1989,12,21.5
18/03/1989,12.5,25.1
19/03/1989,15,21.9
20/03/1989,17.1,24.2
21/03/1989,17.3,24.2
22/03/1989,16.9,27.4
23/03/1989,16.5,21.3
24/03/1989,13.6,18
25/03/1989,13.2,18.7
26/03/1989,9.4,20
27/03/1989,9.5,20.9
28/03/1989,11.8,19.3
29/03/1989,10.4,19.3
30/03/1989,9.7,22.2
31/03/1989,12.6,17.7
1/04/1989,13.3,21.9
2/04/1989,15.1,25.2
3/04/1989,14.2,25.1
4/04/1989,14.2,28.5
5/04/1989,19.2,27.6
6/04/1989,12.6,19.6
7/04/1989,14.2,18.5
8/04/1989,11.9,19.2
9/04/1989,13.9,20.4
10/04/1989,13.5,22.8
11/04/1989,15.3,23
12/04/1989,13.9,20.3
13/04/1989,14,18
14/04/1989,12.9,18
15/04/1989,8.5,20.2
16/04/1989,11.4,18.1
17/04/1989,10.9,19.2
18/04/1989,12,17.8
19/04/1989,8.6,19.8
20/04/1989,9,20.3
21/04/1989,9.6,18.3
22/04/1989,10.2,18.3
23/04/1989,9.8,20.2
24/04/1989,8.3,22
25/04/1989,11,24.3
26/04/1989,11.9,24.7
27/04/1989,14,25.4
28/04/1989,15.8,19.9
29/04/1989,14.5,23
30/04/1989,13.2,21.8
1/05/1989,14.2,19.3
2/05/1989,14.6,18.5
3/05/1989,11.8,20.6
4/05/1989,14.4,17.2
5/05/1989,10.4,17.5
6/05/1989,10.3,19.1
7/05/1989,10.8,18
8/05/1989,10.5,18.9
9/05/1989,9.5,23.4
10/05/1989,12.5,19.3
11/05/1989,13.7,19.2
12/05/1989,12.7,21.2
13/05/1989,11.9,21.5
14/05/1989,11.4,17.2
15/05/1989,9.7,16.8
16/05/1989,8.3,16
17/05/1989,8.1,18.9
18/05/1989,11.7,20.6
19/05/1989,11.6,15.9
20/05/1989,7.4,16.7
21/05/1989,5.2,18.4
22/05/1989,11,16.2
23/05/1989,9.5,16.2
24/05/1989,9.2,15.8
25/05/1989,10.7,16.2
26/05/1989,9,18.3
27/05/1989,10.2,18.5
28/05/1989,10.3,19.4
29/05/1989,12.1,17
30/05/1989,13.2,14.6
31/05/1989,6.6,11
1/06/1989,2.3,12.4
2/06/1989,1.4,14
3/06/1989,2.1,10.8
4/06/1989,6.6,13.1
5/06/1989,8.9,15
6/06/1989,7.8,13
7/06/1989,9,17.5
8/06/1989,10.3,16
9/06/1989,7.9,10.2
10/06/1989,7.2,13.7
11/06/1989,8.6,15.4
12/06/1989,8.8,13.6
13/06/1989,6.2,12.9
14/06/1989,9.5,14.2
15/06/1989,10.2,15
16/06/1989,9.7,15.2
17/06/1989,11.2,18.2
18/06/1989,10.2,12.3
19/06/1989,10.1,13.8
20/06/1989,8.1,13.9
21/06/1989,6.6,14.6
22/06/1989,5,14.9
23/06/1989,4.7,12.6
24/06/1989,5.3,11.2
25/06/1989,4.5,12.9
26/06/1989,2.3,14.1
27/06/1989,1.4,12.8
28/06/1989,0.5,15.8
29/06/1989,2.4,16
30/06/1989,8,16
1/07/1989,6,16.6
2/07/1989,7.1,16.6
3/07/1989,9.7,16
4/07/1989,6.9,12.7
5/07/1989,5.3,12.3
6/07/1989,7,11.8
7/07/1989,6.2,14.1
8/07/1989,7,12.6
9/07/1989,9.7,12.9
10/07/1989,8,11.5
11/07/1989,8.5,12.9
12/07/1989,7.1,11.8
13/07/1989,7.5,11.9
14/07/1989,3.3,14.2
15/07/1989,1.8,12
16/07/1989,2.6,11.7
17/07/1989,5.3,11.8
18/07/1989,5.8,13
19/07/1989,5.8,11.4
20/07/1989,7.2,11
21/07/1989,5.3,12.3
22/07/1989,1.6,13.1
23/07/1989,3.1,11.4
24/07/1989,5.3,16
25/07/1989,7.7,15.3
26/07/1989,4.2,13.2
27/07/1989,5.5,15.9
28/07/1989,9,16
29/07/1989,11.2,19.6
30/07/1989,8,15.2
31/07/1989,7.6,10.6
1/08/1989,3.7,14.8
2/08/1989,7.5,15.8
3/08/1989,8.1,14.1
4/08/1989,8.4,14.4
5/08/1989,7.1,10.7
6/08/1989,7.6,13.2
7/08/1989,7.6,13
8/08/1989,5.6,13.2
9/08/1989,7,16
10/08/1989,10.5,13.2
11/08/1989,7.3,11.8
12/08/1989,7.8,11.6
13/08/1989,5.8,13.4
14/08/1989,3.8,15.2
15/08/1989,5.8,15.5
16/08/1989,6.7,13.5
17/08/1989,6.6,14
18/08/1989,6.6,18.5
19/08/1989,9,14.9
20/08/1989,8.1,13.9
21/08/1989,5.1,15.9
22/08/1989,8.6,11.3
23/08/1989,7,12.2
24/08/1989,5.5,13.8
25/08/1989,7.4,13.8
26/08/1989,6.2,11.3
27/08/1989,4.2,13
28/08/1989,6.3,13.6
29/08/1989,7,13.2
30/08/1989,4,16
31/08/1989,8,17.2
1/09/1989,8.8,14.7
2/09/1989,8.8,15.5
3/09/1989,6.1,15.2
4/09/1989,8.6,16
5/09/1989,8.9,16.6
6/09/1989,7.8,17.8
7/09/1989,5,19.8
8/09/1989,7,20.6
9/09/1989,13.3,19
10/09/1989,7.9,19.5
11/09/1989,7.5,12.6
12/09/1989,8.3,14.3
13/09/1989,7.2,14.9
14/09/1989,6.5,13.7
15/09/1989,8.9,14.2
16/09/1989,7.4,18.4
17/09/1989,9.9,15.4
18/09/1989,9.3,18.7
19/09/1989,10.6,16.9
20/09/1989,8.6,16.5
21/09/1989,7.2,20
22/09/1989,12.6,17.2
23/09/1989,7.8,15.8
24/09/1989,6.3,20
25/09/1989,9.2,14.3
26/09/1989,5.8,14.2
27/09/1989,9,14.7
28/09/1989,5,22.4
29/09/1989,11.9,25.3
30/09/1989,13.4,21.5
1/10/1989,10.5,15
2/10/1989,6.2,13.8
3/10/1989,5.1,15.6
4/10/1989,9.5,22.8
5/10/1989,11.7,18
6/10/1989,9.2,16.6
7/10/1989,7.3,20
8/10/1989,9.7,17.5
9/10/1989,9.4,18.1
10/10/1989,10,17.1
11/10/1989,10.9,18.4
12/10/1989,11,18.8
13/10/1989,10.9,21.8
14/10/1989,8,19.7
15/10/1989,11.2,26.1
16/10/1989,7.5,18.7
17/10/1989,7.2,20.8
18/10/1989,13.2,29.7
19/10/1989,12.9,21
20/10/1989,9.4,17.3
21/10/1989,10.2,16.8
22/10/1989,9.5,19.4
23/10/1989,12.4,16.8
24/10/1989,10.2,21.1
25/10/1989,13.4,20.4
26/10/1989,11.6,26.1
27/10/1989,8,15
28/10/1989,9,17
29/10/1989,9.3,24
30/10/1989,13.5,22.5
31/10/1989,8,16.3
1/11/1989,8.1,17.9
2/11/1989,10,17.7
3/11/1989,8.5,18.4
4/11/1989,12.5,25.6
5/11/1989,15,28.3
6/11/1989,13.3,15.1
7/11/1989,11,16.8
8/11/1989,11.9,19.6
9/11/1989,8.3,15.8
10/11/1989,9.7,16.9
11/11/1989,11.3,17.8
12/11/1989,12.5,18.2
13/11/1989,9.4,19.2
14/11/1989,11.4,19
15/11/1989,13.2,18.4
16/11/1989,13.8,22
17/11/1989,16,16.4
18/11/1989,10.9,16.7
19/11/1989,11.9,17.4
20/11/1989,12.4,20.6
21/11/1989,13.2,30.4
22/11/1989,15.5,30.3
23/11/1989,21.6,35.5
24/11/1989,14.9,18.8
25/11/1989,14.4,24.7
26/11/1989,12.9,27.3
27/11/1989,13.1,29.4
28/11/1989,14,32.5
29/11/1989,17.9,33.9
30/11/1989,17.7,25
1/12/1989,16.3,33.6
2/12/1989,18.3,25.7
3/12/1989,13.7,19
4/12/1989,13.3,18.4
5/12/1989,10.6,22.1
6/12/1989,14.1,25.2
7/12/1989,16,23.9
8/12/1989,16.5,28.7
9/12/1989,14.1,31.1
10/12/1989,18.7,29.1
11/12/1989,16.2,25.6
12/12/1989,14.8,23.2
13/12/1989,12.6,19
14/12/1989,10.4,17.1
15/12/1989,12.2,18
16/12/1989,12.6,20
17/12/1989,12.1,32.9
18/12/1989,17.3,32.1
19/12/1989,16.4,25.2
20/12/1989,12.6,18.5
21/12/1989,12.3,18.9
22/12/1989,11.8,20.8
23/12/1989,12,23.7
24/12/1989,12.7,28
25/12/1989,16.4,35.2
26/12/1989,16,23.2
27/12/1989,13.3,18
28/12/1989,11.7,19.8
29/12/1989,10.4,31.9
30/12/1989,14.4,21.5
31/12/1989,12.7,33
1/01/1990,14.8,21.6
2/01/1990,13.3,31.2
3/01/1990,15.6,36.6
4/01/1990,14.5,19.6
5/01/1990,14.3,23.1
6/01/1990,15.3,21.9
7/01/1990,16.4,21.1
8/01/1990,14.8,27.6
9/01/1990,17.4,27.3
10/01/1990,18.8,30.1
11/01/1990,22.1,33.5
12/01/1990,19,24.2
13/01/1990,15.5,21.4
14/01/1990,15.8,20.4
15/01/1990,14.7,20.3
16/01/1990,10.7,18.5
17/01/1990,11.5,29.5
18/01/1990,15,25.4
19/01/1990,14.5,25.2
20/01/1990,14.5,21.6
21/01/1990,13.3,21.8
22/01/1990,14.3,25.4
23/01/1990,14.3,36.6
24/01/1990,20.5,36.6
25/01/1990,15,28.7
26/01/1990,17.1,27.2
27/01/1990,16.9,25.5
28/01/1990,16.9,23.6
29/01/1990,13.6,25.6
30/01/1990,16.4,35.9
31/01/1990,16.1,19.1
1/02/1990,12,15
2/02/1990,12.2,20.7
3/02/1990,14.8,21.9
4/02/1990,14.8,18.2
5/02/1990,14.4,21.9
6/02/1990,12.9,25.3
7/02/1990,13.4,29.6
8/02/1990,15.9,29.9
9/02/1990,16.1,24.4
10/02/1990,17.6,20.2
11/02/1990,15.6,23.5
12/02/1990,15,26
13/02/1990,13,25.9
14/02/1990,14.1,27.4
15/02/1990,17.3,31.5
16/02/1990,15.7,35.8
17/02/1990,18.6,23.9
18/02/1990,12.7,27.8
19/02/1990,14,26
20/02/1990,13.7,31.1
21/02/1990,16.3,35.2
22/02/1990,20,27.8
23/02/1990,17,21.3
24/02/1990,15.2,21.5
25/02/1990,16.5,23
26/02/1990,16.5,24.4
27/02/1990,17.3,27.4
28/02/1990,19.1,23.8
1/03/1990,19.3,25.2
2/03/1990,17.3,28.5
3/03/1990,19,25.3
4/03/1990,19.8,25.6
5/03/1990,19.3,24.1
6/03/1990,17.2,19.3
7/03/1990,14.2,22.7
8/03/1990,10.3,31.2
9/03/1990,13,25.8
10/03/1990,15.3,21.5
11/03/1990,15,20.3
12/03/1990,12.1,18.9
13/03/1990,9.2,25.2
14/03/1990,11,26.8
15/03/1990,15,19.2
16/03/1990,11.6,21.5
17/03/1990,11.6,30.8
18/03/1990,15.1,18.6
19/03/1990,15,19.8
20/03/1990,13.6,21.3
21/03/1990,12.5,21.3
22/03/1990,14.3,29.9
23/03/1990,16,32
24/03/1990,17.4,32.4
25/03/1990,16.9,32.5
26/03/1990,18,32.6
27/03/1990,20.6,31.5
28/03/1990,14.2,21
29/03/1990,10.9,20.6
30/03/1990,11.9,19.7
31/03/1990,13.3,19.7
1/04/1990,15.3,20.1
2/04/1990,14.7,17.8
3/04/1990,11,22.1
4/04/1990,12.2,28.8
5/04/1990,14.2,26.8
6/04/1990,17,27.1
7/04/1990,15.8,19.4
8/04/1990,15.2,19.1
9/04/1990,15.1,22.5
10/04/1990,14.7,26
11/04/1990,18.5,22.2
12/04/1990,16.4,28.4
13/04/1990,18.4,25.2
14/04/1990,15.1,20.9
15/04/1990,9.9,17.6
16/04/1990,10.2,17.2
17/04/1990,12.6,17.2
18/04/1990,13.2,18.7
19/04/1990,11.5,18.6
20/04/1990,13.8,21.8
21/04/1990,14.5,16.7
22/04/1990,14.7,17.9
23/04/1990,11.2,20.8
24/04/1990,12.7,21.2
25/04/1990,13.7,17.5
26/04/1990,11.5,16.6
27/04/1990,10.4,17.5
28/04/1990,8.9,18.1
29/04/1990,11.1,18.5
30/04/1990,9.5,19.8
1/05/1990,13,23
2/05/1990,13.9,21.2
3/05/1990,12.6,21.2
4/05/1990,14.3,23.1
5/05/1990,16,20.2
6/05/1990,13.3,18.1
7/05/1990,7,16.2
8/05/1990,4.9,18.7
9/05/1990,6.9,21.2
10/05/1990,13.7,19.3
11/05/1990,10.6,21.8
12/05/1990,12.3,19.9
13/05/1990,11.1,13.6
14/05/1990,10.2,14.7
15/05/1990,9.5,18
16/05/1990,8.9,19.3
17/05/1990,13.4,17.7
18/05/1990,9.1,14.6
19/05/1990,9.4,14.5
20/05/1990,8.7,14.4
21/05/1990,5.8,15.4
22/05/1990,4.5,14.5
23/05/1990,7.2,16.2
24/05/1990,10,14.2
25/05/1990,10.5,13.2
26/05/1990,10.7,15.2
27/05/1990,8.2,17.4
28/05/1990,6.1,13.7
29/05/1990,4.5,16.8
30/05/1990,6.1,17.7
31/05/1990,9.8,16.2
1/06/1990,9.7,13.2
2/06/1990,8.2,16.3
3/06/1990,8.4,16.3
4/06/1990,8.5,14.6
5/06/1990,10.4,13.9
6/06/1990,6.8,16
7/06/1990,6,18.4
8/06/1990,6.6,19
9/06/1990,7.8,17.4
10/06/1990,10.3,16.2
11/06/1990,7.2,16.3
12/06/1990,7.4,16.8
13/06/1990,11.4,14.6
14/06/1990,5.4,14.2
15/06/1990,4.4,13.3
16/06/1990,6.4,14
17/06/1990,9.3,11.7
18/06/1990,7.7,12.9
19/06/1990,8.1,12.7
20/06/1990,8.3,14.6
21/06/1990,9.1,15.1
22/06/1990,7.7,16.1
23/06/1990,10.6,16.2
24/06/1990,8.2,13
25/06/1990,7.9,12.4
26/06/1990,5.2,12.6
27/06/1990,5.9,9.7
28/06/1990,3.7,11.8
29/06/1990,5.6,15.8
30/06/1990,9.4,13.6
1/07/1990,7.4,8.9
2/07/1990,7.3,12.2
3/07/1990,7.7,13.2
4/07/1990,7.7,15.2
5/07/1990,9.3,12.6
6/07/1990,4.4,12.9
7/07/1990,5.7,15.9
8/07/1990,10.2,15.4
9/07/1990,10.2,15
10/07/1990,9.3,14.2
11/07/1990,5.4,15.7
12/07/1990,5,14.4
13/07/1990,7.6,14.7
14/07/1990,9.6,14.5
15/07/1990,10.4,15.5
16/07/1990,11.2,19.2
17/07/1990,9.1,18.2
18/07/1990,11.2,13.9
19/07/1990,6.8,15
20/07/1990,8.3,15.8
21/07/1990,9.7,15.7
22/07/1990,9.6,15.6
23/07/1990,9.8,17.7
24/07/1990,10.8,18.8
25/07/1990,9.2,15.2
26/07/1990,6.5,14.5
27/07/1990,8.1,13.5
28/07/1990,7.3,13.4
29/07/1990,7.9,12.4
30/07/1990,6,15.5
31/07/1990,5,13.2
1/08/1990,6.8,14
2/08/1990,9.8,14.1
3/08/1990,5.7,15.1
4/08/1990,8.6,17.2
5/08/1990,10.6,15.1
6/08/1990,7.8,14.5
7/08/1990,7.7,13.6
8/08/1990,8.6,13.1
9/08/1990,6.5,13.1
10/08/1990,6.9,13.3
11/08/1990,6.4,14.8
12/08/1990,8.5,15
13/08/1990,7.8,16.4
14/08/1990,9.3,15.3
15/08/1990,8.4,13.8
16/08/1990,7.8,13.5
17/08/1990,7.4,12.7
18/08/1990,7.7,13.1
19/08/1990,8.9,15.8
20/08/1990,9.7,16
21/08/1990,9.9,14.4
22/08/1990,6.1,11.9
23/08/1990,6.6,13.2
24/08/1990,7.6,12
25/08/1990,7.4,11.6
26/08/1990,8,12.1
27/08/1990,2.1,17.3
28/08/1990,5.9,17
29/08/1990,11.6,14.7
30/08/1990,8.6,17.8
31/08/1990,7.9,13.7
1/09/1990,6,16.6
2/09/1990,9.5,14.5
3/09/1990,8.6,13.6
4/09/1990,7.6,15.8
5/09/1990,10.4,16.4
6/09/1990,10.3,16.8
7/09/1990,7.5,14.6
8/09/1990,3,15.7
9/09/1990,5.3,19.7
10/09/1990,10.5,20.7
11/09/1990,14.6,18.6
12/09/1990,12.6,13.7
13/09/1990,9.8,11.9
14/09/1990,7.2,14
15/09/1990,10.1,14.6
16/09/1990,10.4,13.4
17/09/1990,3.7,16.6
18/09/1990,7.3,21
19/09/1990,11.6,23.2
20/09/1990,16.3,23.9
21/09/1990,9.6,17.8
22/09/1990,6.8,16.2
23/09/1990,5.2,22.1
24/09/1990,10.6,24.3
25/09/1990,16.3,19
26/09/1990,9.8,16.5
27/09/1990,4.6,17.1
28/09/1990,11.1,17.3
29/09/1990,8.7,16.8
30/09/1990,10,21.7
1/10/1990,11.3,20.1
2/10/1990,10.5,15
3/10/1990,9.9,14.8
4/10/1990,11,19.8
5/10/1990,14,24
6/10/1990,9.2,14
7/10/1990,9.8,15.3
8/10/1990,6,14.8
9/10/1990,9.8,16.8
10/10/1990,9.2,20.8
11/10/1990,11.8,12.9
12/10/1990,10.3,14.3
13/10/1990,7.5,18.9
14/10/1990,7.7,22.6
15/10/1990,15.8,24.7
16/10/1990,14.6,19.6
17/10/1990,10.5,20.2
18/10/1990,11.3,23.9
19/10/1990,10.9,15.1
20/10/1990,6.4,17.1
21/10/1990,10.9,15.3
22/10/1990,9,16
23/10/1990,10.9,16.8
24/10/1990,12.4,19.8
25/10/1990,11.6,27.2
26/10/1990,13.3,29.1
27/10/1990,14.4,31.4
28/10/1990,18.4,33.2
29/10/1990,13.6,33.7
30/10/1990,14.9,19.6
31/10/1990,14.8,31.8
1/11/1990,15.4,22.4
2/11/1990,11.8,21.4
3/11/1990,13,22
4/11/1990,11.1,21.6
5/11/1990,12.5,30.7
6/11/1990,18.3,30.2
7/11/1990,19.2,32.6
8/11/1990,15.4,26.6
9/11/1990,13.1,22
10/11/1990,11.5,16.3
11/11/1990,8.6,17.2
12/11/1990,12.6,25.5
13/11/1990,13.8,32.1
14/11/1990,14.6,18.4
15/11/1990,13.2,21
16/11/1990,12.3,16.8
17/11/1990,8.8,15.6
18/11/1990,10.7,18.5
19/11/1990,9.9,21.5
20/11/1990,8.3,28.1
21/11/1990,15,31.4
22/11/1990,12.2,20.9
23/11/1990,10.5,18.7
24/11/1990,11.1,19.9
25/11/1990,13,21.9
26/11/1990,12.9,19.1
27/11/1990,8.8,28.5
28/11/1990,14.7,26.2
29/11/1990,14.7,20.1
30/11/1990,12.7,19.9
1/12/1990,13.3,22.2
2/12/1990,13.2,31.4
3/12/1990,16.2,24.1
4/12/1990,17.3,35.2
5/12/1990,20.5,36.9
6/12/1990,20.2,33.2
7/12/1990,19.4,35.7
8/12/1990,15.5,21.1
9/12/1990,14.1,21.6
10/12/1990,11,18.6
11/12/1990,11.1,18.8
12/12/1990,14,18.7
13/12/1990,11.4,21.6
14/12/1990,12.5,22.4
15/12/1990,13.4,20.9
16/12/1990,13.6,23.3
17/12/1990,13.9,34.4
18/12/1990,17.2,20.7
19/12/1990,14.7,24.2
20/12/1990,15.4,22.2
21/12/1990,13.1,23.5
22/12/1990,13.2,30.3
23/12/1990,13.9,19.8
24/12/1990,10,23.3
25/12/1990,12.9,29.3
26/12/1990,14.6,20.9
27/12/1990,14,37.6
28/12/1990,13.6,23.2
29/12/1990,13.5,25.1
30/12/1990,15.7,24.4
31/12/1990,13,24.6